"","PaperID","Reviewer","Title","Authors","DOI","Journal","Year","FirstComment","SecondComment","ThirdComment","Include_yn","Coauthors_nonAc","Coauthors_gov","Spat_scale","Coords","Ecosystem","Class","Vars_n","Vars_ident","Model_dim","Model_type","Model_desc","Covariate_classes","Random_effects_yn","Latent_vars_yn","Ens_within_model_yn","Ens_members_n","Ens_of_models_yn","Models_n","Multiple_approaches_yn","Approach_n","Null_yn","Null_n","Null_type","Horiz_days","Time_step_days","How_often_days","Spat_step","Training_yn","Iterative_yn","DA_type","DA_latency_days","Uncert_category","Uncert_technique","Uncert_source","Uncert_obs_yn","Uncert_partition_yn","Uncert_ic_yn","Uncert_driver_yn","Uncert_param_yn","Uncert_process_yn","Uncert_other_yn","Uncert_dom","Uncert_describe","Scenarios_yn","Scenarios_n","Forecast_eval","Forecast_eval_shown","Eval_metrics","Eval_mult_horiz_yn","Cycles_eval_n","Cycles_total_n","Forecast_horiz_null_days","Driver_lat_max_days","Driver_lat_min_days","Data_coverage","Automated_yn","Archiving_yn","Repository","Drivers_published","End_user_yn","End_user_partnership","Used_by_stakeholder_yn","End_user_type","Delivery_method_yn","Delivery_method","Ethical_considerations","Round","Author_n","Met_covar_yn","Phys_covar_yn","Bio_covar_yn","Chem_covar_yn","R2"
"1","...2","ASL","Adaptive forecasting of phytoplankton communities","Trevor Page; Paul J.Smith; Keith J.Beven; Ian D.Jones; J. Alex Elliott; Stephen C.Maberly; Eleanor B.Mackay; Mitzi De Ville; Heidrun Feuchtmayr","https://doi.org/10.1016/j.watres.2018.01.046","Water Research",2018,NA,NA,NA,NA,"0","0","multipoint","54.332836, -2.965184","freshwater","both","5","Chl-a, Cyanobacteria, CSR phytoplankton functional groups","1D","process-based",NA,"Meteorological, physical, chemical","0","0","1","50-400","0","1","1","4","1","1","persistence","10","1","1",NA,"0","1","enKF","14","data_driven",NA,"meteorological driver data, initial conditions, parameters","0","0","0","0","0","0",NA,NA,NA,"0",NA,"1","1","RMSE, R2","1","61","1,095","5","30","1","1095","No data streams","0",NA,"0","0",NA,NA,NA,"0",NA,"0",1,9,1,1,0,1,1
"2","1280","ASL","Real-time observation, early warning and forecasting phytoplankton blooms by integrating in situ automated online sondes and hybrid evolutionary algorithms","Ye, L; Cai, QH; Zhang, M; Tan, L","https://doi.org/10.1016/j.ecoinf.2014.04.001","Ecol. Inform.",2014,NA,"yep!","Built on 2009-2010 and also tested on 2009-2010","1","0","0","point","31.119131, 110.787278","freshwater","organismal","1","Chl-a","0D","empirical","IF THEN ELSE","Meteorological, chemical, physical, biological","0","0","0",NA,"0","1","0","1","0","0",NA,"7","1","1",NA,"1","1","update IC","1","no",NA,NA,"0","0","0","0","0","0",NA,NA,NA,"0",NA,"1","1","NSE, R2","1","730","730",NA,"1","1","730","Yes all data streams","0",NA,"0","0","0",NA,"neither","0",NA,"0",1,4,1,1,1,1,1
"3","2842","ASL","Weather and grouse population dynamics","Lindstrom, J",NA,"Wildlife Biol.",1996,NA,"is a forecast!","This one is questionable because they use detrended population size as their forecast variable and took future data into account to create that regression","1","0","0","regional",NA,"forest","organismal","3","population growth rate, number of juveniles, population size","0D","empirical","Stepwise regression","Meteorological","0","0","0",NA,"0","1","1","3","0","0",NA,"365","365","never",NA,"1","0",NA,NA,"contains",NA,"parameter","0","0","0","0","0","0",NA,NA,NA,"0",NA,"1","1","SSE, R2","0","1","1",NA,"UNK","UNK","7300","No data streams","0",NA,"0","0",NA,NA,"neither","0",NA,"0",1,1,1,0,0,0,1
"4","151","CCC","Prediction of airborne pollen concentrations for the plane tree as a tool for evaluating allergy risk in urban green areas","Lara, B; Rojo, J; Fernandez-Gonzalez, F; Perez-Badia, R","https://doi.org/10.1016/j.landurbplan.2019.05.002","Landsc. Urban Plan.",2019,NA,"I *think* when they say they used predictor variables over the previous 7-9 days, they really mean they are predicting 7-9 days in advance, making this a real forecast","I would call this paper a historical nowcast, not a forecast- it's not using forecasted drivers, but is using historical info to predict today's conditions. I lean towards including it- the model hasn't yet seen the future at the time the ""nowcasts"" are generated","1","0","0","point","39.8621882, -4.0694699","atmosphere","organismal","1","Pollen grains/m3 of air","0D","empirical",NA,"Meteorological, biological","0","0","0",NA,"1","6","0","1","0","0",NA,"1","1","1",NA,"1","1","update IC","1","no",NA,NA,"0","0","0","0","0","0",NA,NA,NA,"0",NA,"1","1","Variance, RMSE, MAE, R2","1","1095","4015","9","1","1","4015","At least one data stream","0",NA,"0","0",NA,NA,"general public","0",NA,"0",1,4,1,0,1,0,1
"5","729","ASL","Novel catch projection model for a commercial groundfish catch shares fishery","Matson, SE; Taylor, IG; Gertseva, VV; Dorn, MW","https://doi.org/10.1016/j.ecolmodel.2017.01.023","Ecol. Model.",2017,NA,"yes a forecast","They say in some places that they use data from 2011-2014 to make predictions for 2014 but in others that they excluded they last year of data","1","4","4","regional",NA,"marine","organismal","29","catch for 29 fish species","0D","empirical",NA,"Biological","0","0","1","6000","1","2","0","1","0","0",NA,"365","365",NA,NA,"0","0",NA,NA,"data_driven",NA,"process","0","0","0","0","0","0",NA,NA,NA,"0",NA,"1","1","R2","0","1","1",NA,"365","365","1460","No data streams","0",NA,"0","1","0","1","institution","0",NA,"0",1,4,0,0,1,0,1
"6","1034","HLW","FORETo: New software for reference evapotranspiration forecasting","Ballesteros, R; Ortega, JF; Moreno, MA","https://doi.org/10.1016/j.jaridenv.2015.08.006","J. Arid. Environ.",2016,NA,"yes, a forecast",NA,"yes","3","0","point","39.124786,  -1.757822","agricultural","biogeochemical","1","crop evapotranspiration","0D","process-based","multilayer perceptron (MLP) ANN","meteorological","0","0","0",NA,"0","1","1","2","1","1","standard method for ET calculation","6","1","UNK",NA,"1","0",NA,NA,"no",NA,NA,"0","0","0","0","0","0",NA,NA,NA,"0",NA,"1","1","RMSE, R2, MAE, SD, relative error","0","24","730",NA,"1","0.4","4380","No data streams","0",NA,"1","0",NA,NA,"neither","0",NA,"0",1,3,1,0,0,0,1
"7","1988","JS","Forecasting Daily Chlorophyll a Concentration during the Spring Phytoplankton Bloom Period in Xiangxi Bay of the Three-Gorges Reservoir by Means of a Recurrent Artificial Neural Network","Ye, L; Cai, QH","https://doi.org/10.1080/02705060.2009.9664338","J. Freshw. Ecol.",2009,NA,"yep!",NA,"yes","2","0","point","30.852801, 110.993245","freshwater","organismal","1","chlorophyll a","0D","empirical","recurrent artificial neural network","meteorological, chemical, physical","0","0","0",NA,"0","1","0","1","0","0",NA,"70","1",NA,NA,"1","0",NA,NA,"contains",NA,"observational","1","0","0","0","0","0",NA,NA,NA,"0",NA,"1","1","RMSE, R2","0","64","128",NA,"UNK","UNK","64","No data streams","0",NA,"0","0",NA,NA,NA,"0",NA,"0",1,2,1,1,0,1,1
"8","12","JS","Temporal dynamics and drivers of landscape-level spread by emerald ash borer","Ward, SF; Fei, SL; Liebhold, AM","https://doi.org/10.1111/1365-2664.13613","J. Appl. Ecol.",2020,NA,"yes; Spatial and temporal",NA,"yes","0","1","regional",NA,NA,"organismal","3","effective range radius, invasion, risk of invasion","0D","empirical","effective range: segmented regression, invasion: GAM (generalized additive model), risk of invasion: cox proportional hazards","meteorological, physical, biological","0","0","1","1000","0","3","1","3","0","0",NA,"3650","365","0",NA,"1","0",NA,NA,"contains",NA,"observational","1","0","0","0","0","0",NA,NA,NA,"0",NA,"1","1","R2, AIC","0","10","10",NA,"UNK","UNK","8030","No data streams","0",NA,"0","0",NA,NA,"both","0",NA,"0",1,3,1,1,1,0,1
"9","2463","JS","Forecasting Cameraria ohridella invasion dynamics in recently invaded countries: from validation to prediction","Gilbert, M; Guichard, S; Freise, J; Gregoire, JC; Heitland, W; Straw, N; Tilbury, C; Augustin, S","https://doi.org/10.1111/j.1365-2664.2005.01074.x","J. Appl. Ecol.",2005,NA,"yes forecast",NA,"Yes","1","1","national",NA,"other","organismal","1","presence/absence of Cameraria ohridella","2D","empirical","logistic regression is used to determine presence / absence in specific locations. then kriging (gaussian process) is used to impute spatially. then a monte carlo simulation model following probabilistic rules is run","physical","0","0","1","300","0","1","1","3","1","1","diffusion is the null model i believe","1825","365",NA,"2-5km","1","0",NA,NA,"contains",NA,"observational","1","0","0","0","0","0",NA,NA,NA,"0",NA,"1","1","R2","1","15","15",NA,"UNK","UNK","1825","No data streams","0",NA,"0","0",NA,NA,NA,"0",NA,"0",1,8,0,1,0,0,1
"10","978","NWH","Forecasting Yangtze finless porpoise movement behavior using anEulerian-Eulerian-diffusion method (EEDM)","Fang, HW; Dai, DC; Li, SH; He, GJ; Huang, L","https://doi.org/10.1016/j.ecoleng.2015.12.008","Ecol. Eng.",2016,NA,"yes; hourly forecasts of porpoise movement == adorable!",NA,"Yes","1","0","regional",NA,"freshwater","organismal","1","porpoise population","2D","process-based","Eulerian-Eulerian diffusion method",NA,"0","0","0",NA,"0","1","0","1","0","0",NA,"2.083333333","0.04166666667",NA,"500 m","1","0",NA,NA,"no",NA,NA,"0","0","0","0","0","0",NA,NA,NA,"1","12","1","1","R2","0","1","1",NA,"UNK","UNK","1095","No data streams","0",NA,"0","0",NA,NA,NA,"0",NA,"0",1,5,0,0,0,0,1
"11","2423","NWH","Unravelling and forecasting algal population dynamics in two lakes different in morphometry and eutrophication by neural and evolutionary computation","Recknagel, F; Cao, H; Kim, B; Takamura, N; Welk, A","https://doi.org/10.1016/j.ecoinf.2006.02.004","Ecol. Inform.",2006,NA,"yes",NA,"Yes","0","0","multipoint","36.042324, 140.374771; 37.941965, 127.887931","freshwater","organismal","1","Microcystis, Cyclotella, Anabaena, Asterionella","0D","empirical","recurrent supervised ANN, hybrid EA","physical, chemical, biological","0","0","0",NA,"0","1","1","2","0","0",NA,"7","1",NA,NA,"1","0",NA,NA,"no",NA,NA,"0","0","0","0","0","0",NA,NA,NA,"0",NA,"1","1","R2, MSE","0","52","52",NA,"UNK","UNK","6205","No data streams","0",NA,"0","0",NA,NA,NA,"0",NA,"0",1,5,0,1,1,1,1
"12","1237","RC","Hybrid evolutionary computation quantifies environmental thresholds for recurrent outbreaks of population density","Recknagel, F; Ostrovsky, I; Cao, HQ; Chen, QW","https://doi.org/10.1016/j.ecoinf.2014.07.010","Ecol. Inform.",2014,NA,"yes; 5-day-ahead forecasts of cyanobacteria","yes, hindcast","1","2","2","multipoint","31.212155, 120.146338; 32.821083, 35.580431","freshwater","organismal","1","cyanobacterica","0D","empirical","if-then-else model","meteorological, chemical","0","0","0",NA,"1","10","0","1","0","0",NA,"5","1",NA,NA,"0","0",NA,NA,"no",NA,NA,"0","0","0","0","0","0",NA,NA,NA,"0",NA,"1","0","RMSE, R2","0","1","0",NA,"unk","unk","2920","No data streams","0",NA,"1","0",NA,NA,NA,"0",NA,"0",1,4,1,0,0,1,1
"13","2180","RC","Early detection of emerging forest disease using dispersal estimation and ecological niche modeling","Meentemeyer, RK; Anacker, BL; Mark, W; Rizzo, DM","https://doi.org/10.1890/07-1150.1","Ecol. Appl.",2008,NA,"yes forecast","yes, spatial hindcast of plant infection spread","1","0","0","regional",NA,"grassland","organismal","1","Phytophthora ramorum","1D","empirical","niche model?","meteorological, physical","0","0","0",NA,"1","3","1","3","0","0",NA,"365","365",NA,"50x10 meters (total 8228 km2)","0","0",NA,NA,"no",NA,NA,"0","0","0","0","0","0",NA,NA,NA,"0",NA,"1","1","RMSE, AIC, R2, ROC, omission, commission, accuracy","1","9","9",NA,"UNK","~1 day (PRISM)","1095","No data streams","0",NA,"1","0",NA,NA,NA,"0",NA,"0",1,4,1,1,0,0,1
"14","603","RC","The Saturniidae of Barro Colorado Island, Panama: A model taxon for studying the long-term effects of climate change?","Basset, Y; Lamarre, GPA; Ratz, T; Segar, ST; Decaens, T; Rougerie, R; Miller, SE; Perez, F; Bobadilla, R; Lopez, Y; Ramirez, JA; Aiello, A; Barrios, H","https://doi.org/10.1002/ece3.3515","Ecol. Evol.",2017,NA,"yes; two-year forecasts of moth abundance","yes but i'm actually afraid of moths","1","2","1","regional",NA,"forest","organismal","26","26 species/taxa clusters","0D","empirical","log linear Poisson regression models","meteorological","0","0","0",NA,"1","2","0","1","0","0",NA,"730","1",NA,NA,"0","0",NA,NA,"no",NA,NA,"0","0","0","0","0","0",NA,NA,NA,"0",NA,"1","1","R2","0","1","1",NA,"UNK","UNK","21170","No data streams","0",NA,"1","0",NA,NA,NA,"0",NA,"0",1,13,1,0,0,0,1
"15","363","RC","Individual-based models forecast the spread and inform the management of an emerging riverine invader","Messager, ML; Olden, JD","https://doi.org/10.1111/ddi.12829","Divers. Distrib.",2018,NA,"yes, forecasted potential distribution X years into the future","yes","1","0","0","regional",NA,"freshwater","organismal","1","rusty crayfish","1D","empirical","spatially explicit individual-based model",NA,"0","0","0",NA,"0","1","0","1","0","0",NA,"365","365",NA,"UNK","0","0",NA,NA,"no",NA,NA,"0","0","0","0","0","0",NA,NA,NA,"1","3","1","0","RMSE, R2, AIC, VIF","0","1","4",NA,"UNK","UNK","1068","No data streams","0",NA,"1","1",NA,NA,"neither","0",NA,"0",1,2,0,0,0,0,1
"16","218","RC","Forecasting capelin Mallotus villosus biomass on the Newfoundland shelf","Lewis, KP; Buren, AD; Regular, PM; Mowbray, FK; Murphy, HM","https://doi.org/10.3354/meps12930","Mar. Ecol.-Prog. Ser.",2019,NA,"yes","yes","1","5","5","regional",NA,"marine","organismal","1","capelin fish stock","0D","empirical","bayesian hierarchical","physical (sea ice), biological","0","0","0",NA,"1","7","1","3","0","0",NA,"365","365",NA,NA,"1","0",NA,NA,"contains",NA,"model","1","0","0","0","0","0",NA,NA,NA,"0",NA,"1","1","DIC, MSE, R2, SD","0","1","2",NA,"UNK (acoustic survey)","UNK (acoustic survey)","730","No data streams","0",NA,"1","1","1",NA,"institution","0",NA,"0",1,5,0,1,1,0,1
"17","2684","RPM","The use of mesoscale meteorological models as a tool for pollen concentration forecasts","Pietrowicz, J; Pasken, R","https://www-sciencedirect-com.ezproxy.lib.vt.edu/science/article/pii/S1352231005007806?casa_token=4pp8E8xS9t8AAAAA:Aj6cmJWugz9ijbqFj4krfDxa0FsV7VP8oJqovesADQ2n8enY9aA4gfqkRw27sRG4SukHx6VnuSo",NA,2002,"found pdf on Google scholar:Check randon effects:Potentially - there is discussion that they converted the emission strength per unit area into a dimensionless parameter that was a multiplication factor to compute the pollen concentraions for each 12km2 grid","is a forecast!",NA,"yes","0","0","regional","Missouri - S Iowa - SW Illinois - N Arkansas","atmosphere","biogeochemical","1","oak pollen","3D","process-based","MM5 --> HYSPLIT_4","meteorological","0","0","0","0","1","3","0","1","0","0",NA,"1","0.02","1","12km","1","0",NA,NA,"no",NA,NA,"0","0","0","0","0","0",NA,NA,NA,"0",NA,"1","1","R2","0","2","2",NA,"UNK","UNK","2","At least one data stream","0",NA,"0","1","0","0","general public","0",NA,"0",1,2,1,0,0,0,1
"18","853","RPM","The predictability of mosquito abundance from daily to monthly timescales","Jian, Y; Silvestri, S; Brown, J; Hickman, R; Marani, M","https://doi.org/10.1002/eap.1405","Ecol. Appl.",2016,NA,"yes; 7-day forecasts of mosquitoes",NA,"yes","1","1","point","34.058755, -78.168238","forest","organismal","2","Aedes and Culiseta misquitos","0D","empirical","Simplex Projections (SP)","meteorological, biological",NA,NA,"0",NA,"1","8","0","1","1","1","persistence","1-30","1-30","1-30",NA,"1","1","refit","7","no",NA,NA,"0","0","0","0","0","0","0",NA,"0","0","0","1","1","R2 & RMSE","1","30","30",NA,"7","7","433","No data streams","0","0","0","0","0","0",NA,"0",NA,"1",1,5,1,0,1,0,1
"19","308","ASL","Forecast of Daily Reference Evapotranspiration Using a Modified Daily Thornthwaite Equation and Temperature Forecasts(dagger)","Chang, XM; Wang, SL; Gao, ZY; Luo, YF; Chen, HR","https://doi.org/10.1002/ird.2309","Irrig. Drain.",2019,NA,"yep, et",NA,"1","5","5","national",NA,"other","biogeochemical","1","ET","0D","process-based","Thornthwaite (TH) equation, Hargreavesâ€“Samani (HS) equation","Meteorological","0","0","0",NA,"0","1","1","2","0","0",NA,"7","3","1",NA,"1","0",NA,NA,"no",NA,NA,"0","0","0","0","0","0",NA,NA,NA,"0",NA,"1","1","RMSE, percentage bias, R2, modeling efficiency, regression coefficient","1","1803","1803",NA,NA,NA,"6200","No data streams","0",NA,"0","0",NA,NA,"institution","0",NA,"0",2,5,1,0,0,0,1
"20","164","ASL","Ensemble models with uncertainty analysis for multi-day ahead forecasting of chlorophyll a concentration in coastal waters","Shamshirband, S; Nodoushan, EJ; Adolf, JE; Manaf, AA; Mosavi, A; Chau, KW","https://doi.org/10.1080/19942060.2018.1553742","Eng. Appl. Comp. Fluid Mech.",2019,NA,"yes",NA,"1","0","0","point","19.743000, -155.081400","marine","both","2","chlorophyll, salinity","0D","empirical",NA,"biological, chemical","0","0","0",NA,"1","10","1","12","0","0",NA,"3","1","1",NA,"0","1","refit","UNK","contains",NA,"process","0","0","0","0","0","0",NA,NA,NA,"0",NA,"1","1","R2, RMSE","1","1825","1825",NA,"UNK","UNK","1825","No data streams","0",NA,"0","0",NA,NA,"institution","0",NA,"0",2,6,0,0,1,1,1
"21","364","ASL","Early warning of limit-exceeding concentrations of cyanobacteria and cyanotoxins in drinking water reservoirs by inferential modelling","Recknagel, F; Orr, PT; Bartkow, M; Swanepoel, A; Cao, HQ","https://doi.org/10.1016/j.hal.2017.09.003","Harmful Algae",2017,NA,"Leaving this one in for now because they say they do 10 day forecasts but I am struggling to determine whether drivers are forecasted without reading the whole paper",NA,"1","2","0","multipoint","-27.273659, 152.546665; -26.933333, 28.116667","freshwater","organismal","3","three different types of algae","0D","empirical","HEA","physical, chemical, biological","0","0","1","3","0","1","0","1","0","0",NA,"10-30","10-30","1",NA,"1","0",NA,NA,"no",NA,NA,"0","0","0","0","0","0",NA,NA,NA,"0",NA,"1","1","R2, RMSE","1","10585","10585",NA,"UNK","UNK","4745","No data streams","0",NA,"0","1","1","0","institution","0",NA,"0",2,5,0,1,1,1,1
"22","379","DWH","Medium Range Daily Reference Evapotranspiration Forecasting by Using ANN and Public Weather Forecasts","Luo, YF; Traore, S; Lyu, XW; Wang, WG; Wang, Y; Xie, YY; Jiao, XY; Fipps, G","https://doi.org/10.1007/s11269-015-1033-8","Water Resour. Manag.",2015,NA,"yep",NA,"yes","0","0","point","32.800000, 119.450000","agricultural","biogeochemical","1","reference evapotranspiration","0D","empirical","ANNs","meteorological","0","0","0",NA,"0","1","1","4","0","0",NA,"1","1","1",NA,"1","1","update IC","UNK","no",NA,NA,"0","0","0","0","0","0",NA,NA,NA,"0",NA,"1","1","R2, MAE, max AE, NMSE, % accuracy","1","540","540",NA,"1","1","4745","No data streams","0",NA,"1","0",NA,NA,NA,"0",NA,"0",2,8,1,0,0,0,1
"23","13","DWH","Modeling and forecasting pelagic fish production using univariate and multivariate ARIMA models","Tsitsika, EV; Maravelias, CD; Haralabous, J","https://doi.org/10.1111/j.1444-2906.2007.01426.x","Fish. Sci.",2007,"both modeling and forecasting","yes",NA,"yes","3","0","point","34.908887, 16.381634","marine","organismal","3","anchovy, horse mackarel, sardine landings","0D","empirical","ARIMA","biological","0","0","0",NA,"0","1","0","1","0","0",NA,"30","30",NA,NA,"1","0",NA,NA,"contains",NA,"not specified","0","0","0","0","0","0",NA,NA,NA,"0",NA,"1","1","R2, AIC","0","12","12",NA,"UNK","UNK","5475","No data streams","0",NA,"0","1","0","0","both","0",NA,"0",2,3,0,0,1,0,1
"24","210","HLW","A framework based on hidden Markov model with adaptive weighting for microcystin forecasting and early-warning","Jiang, P; Liu, X; Zhang, J; Yuan, X","https://doi.org/10.1016/j.dss.2016.02.003","Decis. Support Syst.",2016,NA,"yes",NA,"yes","0","0","point","UNK","freshwater","organismal","1","microcystis bloom","0D","empirical","bayesian hierarchial","Meteorological, chemical","1","0","0",NA,"0","1","1","6","0","0",NA,"3","1","UNK",NA,"1","1","update IC","30","data_driven",NA,"parameter, initial conditions","1","0","0","0","0","0",NA,NA,NA,"0",NA,"1","1","mean absolute percent error, RMSE, adjusted R2","1","731","731",NA,"UNK","UNK","731","No data streams","0",NA,"0","0",NA,NA,"neither","0",NA,"0",2,4,1,0,0,1,1
"25","9","HLW","A continental system for forecasting bird migration","Van Doren, BM; Horton, KG","https://doi.org/10.1126/science.aat7526","Science",2018,NA,"so cool","Note: paper is 4 pages so looked to supplement to answer most questions","yes","0","0","global",NA,"atmosphere","organismal","1","bird migration","3D","empirical",NA,"Meteorological","0","0","0",NA,"0","1","1","2","1","1","naive","7","1","UNK","100 m altitude, 3 km","1","0",NA,NA,"contains",NA,"process","0","0","0","0","0","0",NA,NA,NA,"0",NA,"1","1","RMSE, R2, bias","0","UNK","529","7","1","0.125","8395","No data streams","0",NA,"1","1","0","0","neither","0",NA,"1",2,2,1,0,0,0,1
"26","218","HLW","Algorithm for forecasting the total amount of airborne birch pollen from meteorological conditions of previous years","Tseng, YT; Kawashima, S; Kobayashi, S; Takeuchi, S; Nakamura, K","https://doi.org/10.1016/j.agrformet.2017.11.021","Agric. For. Meteorol.",2018,NA,"one year ahead",NA,"yes","0","0","point","43.082419, 141.333420","urban","biogeochemical","1","pollen concentration","0D","empirical",NA,"Meteorological","0","0","0",NA,"0","1","1","36","0","0",NA,"365","365","UNK",NA,"1","0",NA,NA,"no",NA,NA,"0","0","0","0","0","0",NA,NA,NA,"0",NA,"1","1","RMSE, adjusted R2","0","5","5",NA,"UNK","UNK","9490","No data streams","0",NA,"0","0",NA,NA,"general public","0",NA,"0",2,5,1,0,0,0,1
"27","31","HLW","Time series analysis and forecasting techniques applied on loliginid and ommastrephid landings in Greek waters","Georgakarakos, S; Koutsoubas, D; Valavanis, V","https://doi.org/10.1016/j.fishres.2005.12.003","Fish Res.",2006,NA,"I believe drivers have a sufficient lag to really be forecasting",NA,"yes","1","1","multipoint","40.625617, 22.926457; 40.840426, 24.454711; 40.828535, 25.872721","marine","organismal","2","loliginid and ommastrephid landings","0D","empirical","ARIMA, ANN, Bayesian dynamic model","Phsical","0","0","0",NA,"0","1","1","3","0","0",NA,"30","30",NA,NA,"1","1","update IC","UNK","contains",NA,"UNK","0","0","0","0","0","0",NA,NA,NA,"0",NA,"1","1","R2","0","36","36",NA,"UNK","1","5475","At least one data stream","0",NA,"0","0",NA,NA,"neither","0",NA,"0",2,3,0,0,0,0,1
"28","327","JS","Short-term forecasting of daily crop evapotranspiration using the ""K-c-ETo' approach and public weather forecasts","Zhang, L; Cui, YL; Xiang, Z; Zheng, SZ; Traore, S; Luo, YF","https://doi.org/10.1080/03650340.2017.1387778","Arch. Agron. Soil Sci.",2018,NA,"yep",NA,"yes","1","1","point","24.24, 120.12","agricultural","biogeochemical","1","daily crop evapotranspiration","0D","process-based","Hargreaves-Samani model","meteorological","0","0","0",NA,"0","1","0","1","0","0",NA,"730","1",NA,NA,"1","0",NA,NA,"no",NA,NA,"0","0","0","0","0","0",NA,NA,NA,"0",NA,"1","1","mean absolute error, mean relative error, rmse, r2, nmse","1","730","730",NA,"1","UNK","4015","UNK","0",NA,"0","0",NA,NA,"institution","0",NA,"0",2,6,1,0,0,0,1
"29","295...7","JS","A Comparison of Three Approaches to Predict Phytoplankton Biomass in Gonghu Bay of Lake Taihu","Huang, JC; Gao, JF; Mooij, WM; Hormann, G; Fohrer, N","https://doi.org/10.3808/jei.201400258","J. Environ. Inform.",2014,NA,"yes",NA,"yes","0","0","regional",NA,"freshwater","biogeochemical","1","chlorophyll-a concentration","0D","empirical","3 artificial neural networks, 1 regression model, 1 process model","meteorological, physical, biological","0","0","0",NA,"0","1","1","5","0","0",NA,"3","1","1",NA,"1","1","autoregressive, so new observed data become predictors for the next timestep","1","contains",NA,"observation","1","0","0","0","0","0",NA,NA,NA,"0",NA,"1","1","RMSE, r2, mean absolute error","0","790","790",NA,"UNK","1","158","UNK","0",NA,"0","0",NA,NA,NA,"0",NA,"0",2,5,1,1,1,0,1
"30","204","JS","Modelling and forecasting the heterogeneous distribution of picocyanobacteria in the tropical Lajes Reservoir (Brazil) by evolutionary computation","Recknagel, F; Branco, CWC; Cao, HQ; Huszar, VLM; Sousa, IF","https://doi.org/10.1007/s10750-014-2144-6","Hydrobiologia",2015,NA,"yes",NA,"yes","0","0","multipoint",NA,"freshwater","organismal","3","3 different picocynanobacteria concentrations","0D","empirical","hybrid evolutionary algorithm","physical, chemical","0","0","0",NA,"0","1","0","1","0","0",NA,"7","7",NA,NA,"0","0",NA,NA,"no",NA,NA,"0","0","0","0","0","0",NA,NA,NA,"0",NA,"1","1","r2","0","260","260",NA,"UNK","UNK","1825","No data streams","0",NA,"0","0",NA,NA,"institution","0",NA,"0",2,5,0,1,0,1,1
"31","284","JS","Time-series modeling of fishery landings using ARIMA models and Fuzzy Expected Intervals software","Koutroumanidis, T; Iliadis, L; Sylaios, GK","https://doi.org/10.1016/j.envsoft.2005.09.001","Environ. Modell. Softw.",2006,NA,"from arima lags, seems to be a one month forecast",NA,"yes","1","1","regional",NA,"marine","organismal","3","anchovy, hake, and bonito catches","0D","empirical","ARIMA, optimal forecast ARIMA, fuzzy models","physical","0","0","0",NA,"0","1","1","3","0","0",NA,"365","30",NA,NA,"0","1","autoregressive, so new observed data become predictors for the next timestep","UNK","contains",NA,"observation","1","0","0","0","0","0",NA,NA,NA,"0",NA,"1","1","mean absolute prediction error, rmse, r2, u-statistic","0","12","36",NA,"UNK","UNK","7665","No data streams","0",NA,"0","0",NA,NA,"institution","0",NA,"0",2,3,0,1,0,0,1
"32","292","JS","Temporal modelling and forecasting of the airborne pollen of Cupressaceae on the southwestern Iberian Peninsula","Silva-Palacios, I; Fernandez-Rodriguez, S; Duran-Barroso, P; Tormo-Molina, R; Maya-Manzano, JM; Gonzalo-Garijo, A","https://doi.org/10.1007/s00484-015-1026-6","Int. J. Biometeorol.",2016,NA,"yes",NA,"yes","1","0","regional",NA,"other","organismal","1","pollen","0D","process-based","process based model fit with a metropolis like algorithm to estimate parameters","meteorological, biological","0","0","0",NA,"0","1","0","1","0","0",NA,NA,"1",NA,NA,"1","1","previous ten days of driver data used as predictor in model, so it is updating iteratively","UNK","no",NA,NA,"0","0","0","0","0","0",NA,NA,NA,"0",NA,"1","1","r2",NA,NA,NA,NA,NA,NA,NA,NA,NA,NA,NA,NA,NA,NA,NA,NA,NA,NA,2,6,1,0,1,0,1
"33","353","JS","Modelling and forecasting annual fisheries catches: Comparison of regression, univariate and multivariate time series methods","Stergiou, KI; Christou, ED","https://doi.org/10.1016/0165-7836(95)00389-4","Fish Res.",1996,NA,"yes","i guess this should be included, it uses a couple of regression methods to predict fishery landings. methods section seems overly focused on the methods, and was hard to read","yes","2","2","regional",NA,"marine","organismal","7","quarterly landings of 7 fish species","0D","empirical","regression, time series models",NA,"0","0","0",NA,"0","1","1","3","0","0",NA,"730","365",NA,NA,"0","0",NA,NA,"contains",NA,"observational","1","0","0","0","0","0",NA,NA,NA,"0",NA,"1","1","R2","0",NA,NA,NA,"UNK","UNK","7665","No data streams","0",NA,"0","0",NA,NA,NA,"0",NA,"0",2,2,0,0,0,0,1
"34","197","NWH","Threshold quantification and short-term forecasting of Anabaena, Aphanizomenon and Microcystis in the polymictic eutrophic Lake Muggelsee (Germany) by inferential modelling using the hybrid evolutionary algorithm HEA","Recknagel, F; Adrian, R; Kohler, J; Cao, HQ","https://doi.org/10.1007/s10750-015-2442-7","Hydrobiologia",2016,NA,"yes",NA,"Yes","0","0","point","52.433994, 13.655556","freshwater","organismal","3","concentration of Anabaena, Aphanizomenon and Microcystis","0D","empirical","hybrid evolutionary algorithm","physical, chemical","0","0","1","100","0","1","0","1","0","0",NA,"7","1",NA,NA,"1","0",NA,NA,"no",NA,NA,"0","0","0","0","0","0",NA,NA,NA,"0",NA,"1","1","R2","0","1460","1460",NA,"UNK","UNK","10220","No data streams","0",NA,"0","0",NA,NA,NA,"0",NA,"0",2,4,0,1,0,1,1
"35","179","NWH","Forecasting and explanation of algal dynamics in two shallow lakes by recurrent artificial neural network and hybrid evolutionary algorithm","Talib, A; Recknagel, F; Cao, H; van der Molen, DT","https://doi.org/10.1016/j.matcom.2008.01.037","Math. Comput. Simul.",2008,NA,"yes","Could not find anywhere that they specified their forecast time step. I'm guessing it is days, but I didn't want to put that unless I was certain. Lots of missing info in this paper, in general.","Yes","0","0","multipoint","52.363681, 5.619322","freshwater","organismal","2","O. agardhii and Scenedesmus cell counts","0D","empirical","Recurrent supervised ANN, HEA","chemical, physical","0","0","0",NA,"0","1","1","2","0","0",NA,"5","Not Specified",NA,NA,"1","0",NA,NA,"no",NA,NA,"0","0","0","0","0","0",NA,NA,NA,"0",NA,"1","1","R2, RMSE","0","876","3212",NA,"UNK","UNK","6570","No data streams","0",NA,"0","0",NA,NA,NA,"0",NA,"0",2,4,0,1,0,1,1
"36","283","NWH","Determination of the forecasting-model parameters by statistical analysis for development of algae warning system","Lee, G; Othman, F; Ibrahim, S; Jang, M","https://doi.org/10.1080/19443994.2016.1190106","Desalin. Water Treat.",2016,NA,"yes. I got the paper from sci hub",NA,"Yes","0","0","point","35.462227, 129.263258","freshwater","biogeochemical","1","Chl-a concentration","0D","empirical","multi-layer perceptron ANN","chemical, physical","0","0","0",NA,"0","1","1","3","0","0",NA,"30","30",NA,NA,"1","0",NA,NA,"no",NA,NA,"0","0","0","0","0","0",NA,NA,NA,"0",NA,"1","1","R2, MSE, MAE","0","24","24",NA,"UNK","UNK","2190","No data streams","0",NA,"1","0",NA,NA,NA,"0",NA,"0",2,4,0,1,0,1,1
"37","454","NWH","Forecasting crop yield using remotely sensed vegetation indices and crop phenology metrics","Bolton, DK; Friedl, MA","https://doi.org/10.1016/j.agrformet.2013.01.007","Agric. For. Meteorol.",2013,NA,"yes",NA,"Yes","0","0","regional",NA,"agricultural","organismal","2","maize crop yield, soybean crop yield","0D","empirical","linear regression","physical, biological","0","0","0",NA,"0","1","1","18","0","0",NA,"120","5",NA,NA,"1","0",NA,NA,"no",NA,NA,"0","0","0","0","0","0",NA,NA,NA,"0",NA,"1","1","RMSE, R2","0","6","6",NA,"UNK","UNK","2190","No data streams","0",NA,"0","0",NA,NA,NA,"0",NA,"0",2,2,0,1,1,0,1
"38","66","NWH","Elucidation and short-term forecasting of microcystin concentrations in Lake Suwa (Japan) by means of artificial neural networks and evolutionary algorithms","Chan, WS; Recknagel, F; Cao, HQ; Park, HD","https://doi.org/10.1016/j.watres.2007.02.001","Water Res.",2007,NA,"drivers don't seem to be forecasted",NA,"Yes","0","0","point","36.048718, 138.087406","freshwater","organismal","1","microcystin concentration","0D","empirical","hybrid evolutionary algorithm","physical, chemical, meteorological, biological","0","0","0",NA,"0","1","1","2","0","0",NA,"3","1",NA,NA,"1","0",NA,NA,"no",NA,NA,"0","0","0","0","0","0",NA,NA,NA,"0",NA,"1","1","R2, RMSE","0","51","51",NA,"UNK","UNK","4380","No data streams","0",NA,"0","0",NA,NA,NA,"0",NA,"0",2,4,1,1,1,1,1
"39","431","NWH","A high-resolution, integrated system for rice yield forecasting at district level","Pagani, V; Guarneri, T; Busetto, L; Ranghetti, L; Boschetti, M; Movedi, E; Campos-Taberner, M; Garcia-Haro, FJ; Katsantonis, D; Stavrakoudis, D; Ricciardelli, E; Romano, F; Holecz, F; Collivignarelli, F; Granell, C; Casteleyn, S; Confalonieri, R","https://doi.org/10.1016/j.agsy.2018.05.007","Agric. Syst.",2019,NA,"yes",NA,"Yes","4","3","regional",NA,"agricultural","organismal","1","rice yield","0D","empirical","WARM, multiple linear step-wise regressions","meteorological, biological","0","0","0",NA,"0","1","1","3","0","0",NA,"4015","365",NA,NA,"0","1","recalibration, updating","10","no",NA,NA,"0","0","0","0","0","0",NA,NA,NA,"0",NA,"1","1","MAE, RRMSE, EF, slope, intercept, R2","0","12","12",NA,"10","~0","4380","No data streams","0",NA,"0","1","0","1","both","1","bulletins","0",2,17,1,0,1,0,1
"40","258","NWH","Response of Microcystis and Stephanodiscus to Alternative Flow Regimes of the Regulated River Nakdong (South Korea) Quantified By Model Ensembles Based on the Hybrid Evolutionary Algorithm (HEA)","Recknagel, F; Kim, DK; Joo, GJ; Cao, H","https://doi.org/10.1002/rra.3141","River Res. Appl.",2017,NA,"yes",NA,"Yes","0","0","point","35.306364, 128.977747","freshwater","organismal","3","microcystis, stephanodiscus, and chl-a concentrations","0D","empirical","Hybrid evolutionary algorithm","physical, chemical, biological","0","0","1","8","0","1","0","1","0","0",NA,"6935","5",NA,NA,"1","0",NA,NA,"no",NA,NA,"0","0","0","0","0","0",NA,NA,NA,"1","2","1","1","R2","0","1387","1387",NA,"UNK","UNK","6935","No data streams","0",NA,"0","0",NA,NA,NA,"0",NA,"0",2,4,0,1,1,1,1
"41","138","RC","Short-term forecasting of daily reference evapotranspiration using the Hargreaves-Samani model and temperature forecasts","Luo, YF; Chang, XM; Peng, SZ; Khan, S; Wang, WG; Zheng, Q; Cai, XL","https://doi.org/10.1016/j.agwat.2014.01.006","Agric. Water Manage.",2014,NA,"yep",NA,"yes","3","3","regional",NA,"atmosphere","biogeochemical","1","ET","0D","empirical","Hargreaves-Samani and Penman-Monteith","meteorological","0","0","0",NA,"1","2","1","2","0","0",NA,"1-7","1",NA,NA,"0","0",NA,NA,"no",NA,NA,"0","0","0","0","0","0",NA,NA,NA,"0",NA,"1","1","RMSE, R2, MAE, Accuracy","1","32","32",NA,"UNK","UNK","3650","No data streams","0",NA,"1","0",NA,NA,NA,"0",NA,"0",2,7,1,0,0,0,1
"42","83","RC","Factors affecting wild turkey recruitment in western Virginia","Norman, GW; Fearer, TM; Devers, PK",NA,NA,2004,"I can't find the actual paper online",NA,NA,"yes","0","0","regional",NA,"other","organismal","1","turkeys","0D","empirical","linear regression","biological, physical","0","0","0",NA,"1","15","1","2","0","0",NA,"365","365",NA,NA,"0","0",NA,NA,"no",NA,NA,"0","0","0","0","0","0",NA,NA,NA,"0",NA,"1","1","N, SSE, K, AIC, R2","0","1","15",NA,"365","UNK","UNK","No data streams","0",NA,"1","1","1",NA,"both","0",NA,"0",2,3,0,1,1,0,1
"43","212","RC","Climate-driven variability in vegetation greenness over Portugal","Costa, R; Fraga, H; Fernandes, PM; Santos, JA","https://doi.org/10.3354/cr01521","Clim. Res.",2018,NA,"yes, lagged drivers. I have a copy of this paper from researchgate if you need it!",NA,"yes","0","0","regional",NA,"forest","organismal","6","greeneness of vegetation types","1D","empirical","lagged average","meteorological","0","0","0",NA,"0","1","0","1",NA,"0","0","90","30",NA,NA,"1","0",NA,NA,"no",NA,NA,"0","0","0","0","0","0",NA,NA,NA,"0",NA,"1","1","R2, bias, MAE, RMSE, RMSE%","0","1","1",NA,"UNK","UNK","5110","No data streams","0",NA,"0","0",NA,NA,NA,"0",NA,"0",2,4,1,0,0,0,1
"44","88","RC","An assessment of pre- and within-season remotely sensed variables for forecasting corn and soybean yields in the United States","Johnson, DM","https://doi.org/10.1016/j.rse.2013.10.027","Remote Sens. Environ.",2014,NA,"yep",NA,NA,"1","1","national",NA,"agricultural","organismal","2","corn and soybean yield","1D","empirical","machine learning","NDVI, thermal, meteorological","0","0","0",NA,"0","1","0","1","0","0",NA,"365","365",NA,"250m","0","0",NA,NA,"no",NA,NA,"0","0","0","0","0","0",NA,NA,NA,"0","1","1","1","RMSE, R2","0","12","12",NA,"UNK","8","1825","No data streams","0",NA,"1","1","1",NA,"both","0",NA,"0",2,1,1,0,0,0,1
"45","346","WMW","Regional forecast model for the Olea pollen season in Extremadura (SW Spain)","Fernandez-Rodriguez, S; Duran-Barroso, P; Silva-Palacios, I; Tormo-Molina, R; Maya-Manzano, JM; Gonzalo-Garijo, A","https://doi.org/10.1007/s00484-016-1141-z","Int. J. Biometeorol.",2016,NA,"yes",NA,"1","1","0","point","38.884486, -7.006358","urban","biogeochemical","1","pollen","0D","empirical","SCEM-UA","meteorological, biological","0","0","0",NA,"0","1","0","1","0","0",NA,"5","1",NA,NA,"1",NA,NA,NA,"no",NA,NA,"0","0","0","0","0","0",NA,NA,NA,"0",NA,"1","1","R2","1","45","45",NA,"UNK","UNK","3650","UNK","0",NA,"0","0",NA,NA,"both","0",NA,"0",2,6,1,0,1,0,1
"46","238","WMW","Seasonal forecasting of tuna habitat for dynamic spatial management","Hobday, AJ; Hartog, JR; Spillman, CM; Alves, O","https://doi.org/10.1139/F2011-031","Can. J. Fish. Aquat. Sci.",2011,NA,"yes",NA,"1","4","4","regional",NA,"marine","organismal","1","southern bluefin tuna habitat","3D","process-based and empirical","POAMA (predictive ocean atmosphere model for Australia) coupled with empirical southern bluefin tuna habitat model","physical","0","0","1","10","0","1","0","1","1","2","persistence, climatology","120","30","30","10km x 10km x 10m","0","1","UNK","UNK","data_driven",NA,"meteorological","0","0","0","0","0","0",NA,NA,NA,"0",NA,"1","1","correlation coefficient, R2, deviation, RMSE","1","2160","2160","120","UNK","UNK","17490","UNK","0",NA,"0","1","1","1","institution","0",NA,"0",2,4,0,1,0,0,1
"47","151","WMW","The Estimation of Regional Crop Yield Using Ensemble-Based Four-Dimensional Variational Data Assimilation","Jiang, ZW; Chen, ZX; Chen, J; Ren, JQ; Li, ZN; Sun, L","https://doi.org/10.3390/rs6042664","Remote Sens.",2014,NA,"yes",NA,"1","1","1",NA,"37.756060, 115.872421",NA,NA,NA,"leaf area index","2D","process-based","CERES-wheat model","meteorological, physical, biological","0","0","0",NA,"0","1","0","1","0","0",NA,"1","1","1","30mX30m","0","1","POD4DVar, EnKF","UNK","contains",NA,NA,"0","0","0","0","0","0",NA,NA,NA,"0",NA,"1","1","R2, RMSE, relative error","0","53","53",NA,"UNK","UNK","UNK","UNK","0",NA,"1","1","0","0","institution","0",NA,"0",2,6,1,1,1,0,1
"48","285","WMW","Forecast model of allergenic hazard using trends of Poaceae airborne pollen over an urban area in SW Iberian Peninsula (Europe)","Fernandez-Rodriguez, S; Duran-Barroso, P; Silva-Palacios, I; Tormo-Molina, R; Maya-Manzano, JM; Gonzalo-Garijo, A","https://doi.org/10.1007/s11069-016-2411-0","Nat. Hazards",2016,NA,"yes",NA,"1","1","0","point","38.895315, -6.969237","urban","organismal","1","pollen concentration","0D","empirical",NA,"meteorological, biological","0","0","0",NA,"0","1","0","1","0","0",NA,"30","1,7,15,30",NA,NA,"1","0",NA,NA,"no",NA,NA,"0","0","0","0","0","0",NA,NA,NA,"0",NA,"1","1","R2","1","1825","1825",NA,"UNK","UNK","8395","No data streams","0",NA,"0","1","0","0","both","0",NA,"0",2,6,1,0,1,0,1
"49","296","WMW","Forecasting the Seasonal Timing of Maine's Lobster Fishery","Mills, KE; Pershing, AJ; Hernandez, CM","https://doi.org/10.3389/fmars.2017.00337","Front. Mar. Sci.",2017,NA,"yes",NA,"1","2","0","regional",NA,"marine","organismal","1","lobster landings","0D","empirical","linear regression mMC","physical","0","0","1","5","0","1","0","1","0","0",NA,"1460","1","7",NA,"1","1","refit","UNK","data_driven",NA,"driver","0","0","0","0","0","0",NA,NA,NA,"0",NA,"1","1","R2","1","720","720","UNK","UNK","UNK","9490","No data streams","0",NA,"0","1","1","1","both","1","website","0",2,3,0,1,0,0,1
