"TI","DI","AU","PY","NearTerm","Ecological","Forecast"
"EXPERIENCE WITH FORECASTING UNIVARIATE TIME SERIES AND COMBINATION OF FORECASTS","https://doi.org/10.2307/2344546","NEWBOLD, P; GRANGER, CWJ",1974,1,0,1
"FORECASTING GRAIN-SORGHUM YIELDS USING SIMULATED WEATHER DATA AND UPDATING TECHNIQUES",NA,"ARKIN, GF; MAAS, SJ; RICHARDSON, CW",1980,1,1,1
"IMPROVING PROJECTED POTENTIAL EVAPOTRANSPIRATION ESTIMATES USING NATIONAL WEATHER SERVICE FORECASTS","https://doi.org/10.1175/1520-0450(1988)027<1183:IPPEEU>2.0.CO;2","MEYER, SJ; HUBBARD, KG; WILHITE, DA",1988,NA,0,1
"MODELING AND FORECASTING THE FISHERY FOR PILCHARD (SARDINA-PILCHARDUS) IN GREEK WATERS USING ARIMA TIME-SERIES MODELS",NA,"STERGIOU, KI",1989,1,1,1
"NONLINEAR FORECASTING AS A WAY OF DISTINGUISHING CHAOS FROM MEASUREMENT ERROR IN TIME-SERIES","https://doi.org/10.1038/344734a0","SUGIHARA, G; MAY, RM",1990,1,1,1
"MESOSCALE MODEL EXPERIMENTAL FORECASTS OF THE HAAR OF NORTHEAST SCOTLAND","https://doi.org/10.1175/1520-0493(1991)119<2107:MMEFOT>2.0.CO;2","BALLARD, SP; GOLDING, BW; SMITH, RNB",1991,1,0,1
"DISSOLVED-OXYGEN VARIATIONS IN MARINE FISH CULTURE ZONE","https://doi.org/10.1061/(ASCE)0733-9372(1991)117:6(799)","LEE, JHW; WU, RSS; CHEUNG, YK; WONG, PPS",1991,NA,1,0
"TIME-SERIES FORECASTING USING NEURAL NETWORKS VS BOX-JENKINS METHODOLOGY","https://doi.org/10.1177/003754979105700508","TANG, ZY; DEALMEIDA, C; FISHWICK, PA",1991,1,0,1
"FORECASTING OF DISSOLVED-OXYGEN IN MARINE FISH CULTURE ZONE","https://doi.org/10.1061/(ASCE)0733-9372(1991)117:6(816)","LEE, JHW; WU, RSS; CHEUNG, YK",1991,NA,1,1
"HAYMAKING - RISKS AND UNCERTAINTIES IN CENTRAL PYRENEES GRASSLANDS","https://doi.org/10.1016/0308-521X(92)90040-U","DURU, M; COLOMBANI, H",1992,NA,1,0
"PRECISION OF RECRUITMENT PREDICTIONS FROM EARLY LIFE STAGES OF MARINE FISHES",NA,"BRADFORD, MJ",1992,NA,1,0
"FORECASTING OF REFERENCE CROP EVAPOTRANSPIRATION","https://doi.org/10.1016/0378-3774(93)90022-3","MARINO, MA; TRACY, JC; TAGHAVI, SA",1993,1,1,1
"WHAT IS A GOOD FORECAST - AN ESSAY ON THE NATURE OF GOODNESS IN WEATHER FORECASTING","https://doi.org/10.1175/1520-0434(1993)008<0281:WIAGFA>2.0.CO;2","MURPHY, AH",1993,NA,0,0
"IS THERE CHAOS IN PLANKTON DYNAMICS","https://doi.org/10.1093/plankt/15.6.603","ASCIOTI, FA; BELTRAMI, E; CARROLL, TO; WIRICK, C",1993,NA,1,0
"JOINT ESTIMATION OF MODEL PARAMETERS AND OUTLIER EFFECTS IN TIME-SERIES","https://doi.org/10.2307/2290724","CHEN, C; LIU, LM",1993,NA,0,0
"NONLINEAR FORECASTING FOR THE CLASSIFICATION OF NATURAL TIME-SERIES","https://doi.org/10.1098/rsta.1994.0106","SUGIHARA, G",1994,NA,1,0
"SEQUENTIAL DATA ASSIMILATION WITH A NONLINEAR QUASI-GEOSTROPHIC MODEL USING MONTE-CARLO METHODS TO FORECAST ERROR STATISTICS","https://doi.org/10.1029/94JC00572","EVENSEN, G",1994,1,0,1
"THE MODELING OF DAILY POACEAE POLLEN CONCENTRATIONS","https://doi.org/10.1080/00173139509429041","NORRISHILL, J",1995,NA,1,0
"ONLINE ESTIMATION OF ERROR COVARIANCE PARAMETERS FOR ATMOSPHERIC DATA ASSIMILATION","https://doi.org/10.1175/1520-0493(1995)123<1128:OLEOEC>2.0.CO;2","DEE, DP",1995,NA,0,0
"The use of artificial neural networks for the prediction of water quality parameters","https://doi.org/10.1029/96WR03529","Maier, HR; Dandy, GC",1996,1,1,1
"Modelling and forecasting annual fisheries catches: Comparison of regression, univariate and multivariate time series methods","https://doi.org/10.1016/0165-7836(95)00389-4","Stergiou, KI; Christou, ED",1996,1,1,1
"Development of empirical forecasting models for rice blast based on weather factors","https://doi.org/10.1046/j.1365-3059.1996.d01-168.x","Calvero, SB; Coakley, SM; Teng, PS",1996,NA,1,0
"Modelling cyanobacteria (blue-green algae) in the River Murray using artificial neural networks","https://doi.org/10.1016/S0378-4754(97)00022-0","Maier, HR; Dandy, GC",1997,1,1,1
"Factors affecting the timing of surface scums and epilimnetic blooms of blue-green algae in a eutrophic lake","https://doi.org/10.1139/f97-104","Soranno, PA",1997,NA,1,0
"Modelling and forecasting monthly fisheries catches: Comparison of regression, univariate and multivariate time series methods","https://doi.org/10.1016/S0165-7836(96)00482-1","Stergiou, KI; Christou, ED; Petrakis, G",1997,NA,1,1
"Statistical analysis of algal and water quality data","https://doi.org/10.1023/A:1003093411743","Kneale, PE; Howard, A",1997,NA,1,0
"ANNA - Artificial Neural Network model for predicting species abundance and succession of blue-green algae","https://doi.org/10.1023/A:1003041427672","Recknagel, F",1997,NA,1,0
"Nonlinear modelling and prediction with feedforward and recurrent networks","https://doi.org/10.1016/S0167-2789(97)82009-X","Gencay, R; Liu, T",1997,1,0,1
"On the utility of ENSO and PNA indices for long-lead forecasting of summer weather over the crop-growing region of the Canadian prairies","https://doi.org/10.1007/s007040050032","Garnett, ER; Khandekar, ML; Babb, JC",1998,1,0,1
"Understanding the behaviour and optimising the performance of back-propagation neural networks: an empirical study","https://doi.org/10.1016/S1364-8152(98)00019-X","Maier, HR; Dandy, GC",1998,1,1,1
"The use of TOVS cloud-cleared radiances in the NCEP SSI analysis system","https://doi.org/10.1175/1520-0493(1998)126<2287:TUOTCC>2.0.CO;2","Derber, JC; Wu, WS",1998,1,0,1
"An overview of the HYSPLIT_4 modelling system for trajectories, dispersion and deposition",NA,"Draxier, RR; Hess, GD",1998,NA,1,0
"A stochastic modelling approach for real-time forecasting of winter wheat yield","https://doi.org/10.1016/S0378-4290(99)00008-8","Bannayan, M; Crout, NMJ",1999,1,1,1
"The ESA Medium Resolution Imaging Spectrometer MERIS - a review of the instrument and its mission","https://doi.org/10.1080/014311699212416","Rast, M; Bezy, JL; Bruzzi, S",1999,NA,1,0
"Construction of correlation functions in two and three dimensions","https://doi.org/10.1256/smsqj.55416","Gaspari, G; Cohn, SE",1999,NA,0,0
"Analysis of fragmented time series data using Box-Jenkins models","https://doi.org/10.1080/03610919908813571","Lewellen, RH; Vessey, SH",1999,NA,1,0
"Statistical design for adaptive weather observations","https://doi.org/10.1175/1520-0469(1999)056<2536:SDFAWO>2.0.CO;2","Berliner, LM; Lu, ZQ; Snyder, C",1999,1,0,1
"A neural network model for forecasting fish stock recruitment","https://doi.org/10.1139/cjfas-56-12-2385","Chen, DG; Ware, DM",1999,NA,1,0
"Improved weather and seasonal climate forecasts from multimodel superensemble","https://doi.org/10.1126/science.285.5433.1548","Krishnamurti, TN; Kishtawal, CM; LaRow, TE; Bachiochi, DR; Zhang, Z; Williford, CE; Gadgil, S; Surendran, S",1999,1,0,1
"The use of neural networks in the control of water quality",NA,"Waterworth, G",2000,1,0,1
"Forecasting cyanobacterial concentrations using B-spline networks","https://doi.org/10.1061/(ASCE)0887-3801(2000)14:3(183)","Maier, HR; Sayed, T; Lence, BJ",2000,1,1,1
"Time series modelling of landings in Northwest Mediterranean Sea","https://doi.org/10.1006/jmsc.2000.0570","Lloret, J; Lleonart, J; Sole, I",2000,1,1,1
"Nowcasting of urban air pollutants by neural networks",NA,"Benvenuto, F; Marani, A",2000,1,0,1
"Long-lead prediction of Pacific SSTs via Bayesian dynamic modeling","https://doi.org/10.1175/1520-0442(2001)013<3953:LLPOPS>2.0.CO;2","Berliner, LM; Wikle, CK; Cressie, N",2000,NA,1,1
"Scaling-up crop models for climate variability applications","https://doi.org/10.1016/S0308-521X(00)00025-1","Hansen, JW; Jones, JW",2000,NA,1,0
"Modelling and simulation of water quality control",NA,"Waterworth, G",2000,NA,1,0
"Comparison of short-term rainfall prediction models for real-time flood forecasting","https://doi.org/10.1016/S0022-1694(00)00344-9","Toth, E; Brath, A; Montanari, A",2000,1,0,1
"A non-linear combination of the forecasts of rainfall-runoff models by the first-order Takagi-Sugeno fuzzy system","https://doi.org/10.1016/S0022-1694(01)00349-3","Xiong, LH; Shamseldin, AY; O'Connor, KM",2001,1,0,1
"Predictive ecological modeling of harmful algal blooms","https://doi.org/10.1080/20018091095069","Walsh, JJ; Penta, B; Dieterle, DA; Bissett, WP",2001,NA,1,0
"Equifinality, data assimilation, and uncertainty estimation in mechanistic modelling of complex environmental systems using the GLUE methodology","https://doi.org/10.1016/S0022-1694(01)00421-8","Beven, K; Freer, J",2001,NA,0,0
"Hydrological modelling using artificial neural networks","https://doi.org/10.1191/030913301674775671","Dawson, CW; Wilby, RL",2001,NA,0,0
"Neural network based modelling of environmental variables: A systematic approach","https://doi.org/10.1016/S0895-7177(00)00271-5","Maier, HR; Dandy, GC",2001,NA,1,0
"Estimating uncertainty in fish stock assessment and forecasting","https://doi.org/10.1046/j.1467-2960.2001.00042.x","Patterson, K; Cook, R; Darby, C; Gavaris, S; Kell, L; Lewy, P; Mesnil, B; Punt, A; Restrepo, V; Skagen, DW; Stefansson, G",2001,NA,1,0
"Hydrologic data assimilation with the ensemble Kalman filter","https://doi.org/10.1175/1520-0493(2002)130<0103:HDAWTE>2.0.CO;2","Reichle, RH; McLaughlin, DB; Entekhabi, D",2002,1,0,1
"Using a dynamic hydrology model to predict mosquito abundances in flood and swamp water",NA,"Shaman, J; Stieglitz, M; Stark, C; Le Blancq, S; Cane, M",2002,NA,1,0
"Insects and low temperatures: from molecular biology to distributions and abundance","https://doi.org/10.1098/rstb.2002.1074","Bale, JS",2002,NA,1,0
"Combining neural network model with seasonal time series ARIMA model","https://doi.org/10.1016/S0040-1625(00)00113-X","Tseng, FM; Yu, HC; Tzeng, GH",2002,1,0,1
"Biological response neural network prediction in coastal upwelling field",NA,"Pereira, GC; Coutinho, R; Ebecken, NFF",2002,NA,1,0
"Some aspects of the improvement in skill of numerical weather prediction","https://doi.org/10.1256/003590002321042135","Simmons, AJ; Hollingsworth, A",2002,1,0,1
"Ability for a model to predict crop production variability at the regional scale: an evaluation for sugar beet","https://doi.org/10.1051/agro:2002078","Launay, M; Guerif, M",2003,NA,1,0
"Monitoring Karenia brevis blooms in the Gulf of Mexico using satellite ocean color imagery and other data","https://doi.org/10.1016/S1568-9883(02)00083-5","Stumpf, RP; Culver, ME; Tester, PA; Tomlinson, M; Kirkpatrick, GJ; Pederson, BA; Truby, E; Ransibrahmanakul, V; Soracco, M",2003,NA,1,0
"Forecasting of reference evapotranspiration by artificial neural networks","https://doi.org/10.1061/(ASCE)0733-9437(2003)129:6(454)","Trajkovic, S; Todorovic, B; Stankovic, M",2003,NA,1,0
"Empirical modelling of interannual trends in abundance of squid (Loligo forbesi) in Scottish waters","https://doi.org/10.1016/S0165-7836(02)00028-0","Pierce, GJ; Boyle, PR",2003,NA,1,0
"Time series forecasting using a hybrid ARIMA and neural network model","https://doi.org/10.1016/S0925-2312(01)00702-0","Zhang, GP",2003,1,0,1
"Implementation of Noah land surface model advances in the National Centers for Environmental Prediction operational mesoscale Eta model","https://doi.org/10.1029/2002JD003296","Ek, MB; Mitchell, KE; Lin, Y; Rogers, E; Grunmann, P; Koren, V; Gayno, G; Tarpley, JD",2003,NA,1,1
"Forecasting aphid outbreaks and epidemics of Cucumber mosaic virus in lupin crops in a Mediterranean-type environment","https://doi.org/10.1016/j.virusres.2003.12.015","Thackray, DJ; Diggle, AJ; Berlandier, FA; Jones, RAC",2004,NA,1,0
"Decision making in controlling virus yellows of sugar beet in the UK","https://doi.org/10.1002/ps.871","Qi, AM; Dewar, AM; Harrington, R",2004,NA,1,0
"Will Lake Michigan lake trout meet the Great Lakes strategy 2002 PCB reduction goal?","https://doi.org/10.1021/es034610l","Stow, CA; Lamon, EC; Qian, SS; Schrank, CS",2004,1,1,1
"A spatial, Markovian model of rangeland grasshopper (Orthoptera : Acrididae) population dynamics: Do long-term benefits justify suppression of infestations?","https://doi.org/10.1603/0046-225X-33.2.257","Zimmerman, KM; Lockwood, JA; Latchininsky, AV",2004,NA,1,0
"Cross-scale interactions, nonlinearities, and forecasting catastrophic events","https://doi.org/10.1073/pnas.0403822101","Peters, DPC; Pielke, RA; Bestelmeyer, BT; Allen, CD; Munson-McGee, S; Havstad, KM",2004,NA,1,0
"Efficient Kalman filter techniques for the assimilation of tide gauge data in three-dimensional modeling of the North Sea and Baltic Sea system","https://doi.org/10.1029/2003JC002144","Sorensen, JVT; Madsen, H; Madsen, H",2004,1,0,1
"Temporal changes in the Yadkin River flow versus suspended sediment concentration relationship","https://doi.org/10.1111/j.1752-1688.2004.tb01581.x","Lamon, EC; Qian, SS; Richter, DD",2004,NA,1,0
"Convergence across biomes to a common rain-use efficiency","https://doi.org/10.1038/nature02561","Huxman, TE; Smith, MD; Fay, PA; Knapp, AK; Shaw, MR; Loik, ME; Smith, SD; Tissue, DT; Zak, JC; Weltzin, JF; Pockman, WT; Sala, OE; Haddad, BM; Harte, J; Koch, GW; Schwinning, S; Small, EE; Williams, DG",2004,NA,1,0
"Performance of two stochastic approaches for forecasting water quality and streamflow data from Yesil iota rmak River, Turkey","https://doi.org/10.1016/j.envsoft.2004.11.001","Kurunc, A; Yurekli, K; Cevik, O",2005,NA,1,0
"Using dispersion and mesoscale meteorological models to forecast pollen concentrations","https://doi.org/10.1016/j.atmosenv.2005.04.043","Pasken, R; Pietrowicz, JA",2005,1,1,1
"The use of numerical weather forecast model predictions as a source of data for irrigation modelling","https://doi.org/10.1017/S135048270500188X","Venalainen, A; Salo, T; Fortelius, C",2005,1,0,1
"Forecasting climate-induced changes in the survival of Snake River spring/summer Chinook salmon (Oncorhynchus tshawytscha)","https://doi.org/10.1111/j.1365-2419.2005.00346.x","Scheuerell, MD; Williams, JG",2005,1,1,1
"Operational multivariate ocean data assimilation","https://doi.org/10.1256/qj.05.105","Cummings, JA",2005,1,1,0
"Transmission of Phytophthora ramorum in mixed-evergreen forest in California","https://doi.org/10.1094/PHYTO-95-0587","Davidson, JM; Wickland, AC; Patterson, HA; Falk, KR; Rizzo, DM",2005,NA,1,0
"Input determination for neural network models in water resources applications. Part 1 - background and methodology","https://doi.org/10.1016/j.jhydrol.2004.06.021","Bowden, GJ; Dandy, GC; Maier, HR",2005,0,1,0
"The mass of the atmosphere: A constraint on global analyses","https://doi.org/10.1175/JCLI-3299.1","Trenberth, KE; Smith, L",2005,NA,0,0
"Risk analysis for species introductions: forecasting population growth of Eurasian ruffe (Gymnocephalus cernuus)","https://doi.org/10.1139/F05-014","Drake, JM",2005,1,1,0
"A regional ocean modeling system for the Long-term Ecosystem Observatory","https://doi.org/10.1029/2003JC002218","Wilkin, JL; Arango, HG; Haidvogel, DB; Lichtenwalner, CS; Glenn, SM; Hedstrom, KS",2005,1,0,1
"A kernel-based spatio-temporal dynamical model for nowcasting weather radar reflectivities","https://doi.org/10.1198/016214505000000682","Xu, K; Wikle, CK; Fox, NI",2005,1,0,1
"Real time observations of coastal algal blooms by an early warning system","https://doi.org/10.1016/j.ecss.2005.06.005","Lee, JHW; Hodgkiss, IJ; Wong, KTM; Lam, IHY",2005,NA,1,0
"Transport of airborne pollen into the city of Thessaloniki: the effects of wind direction, speed and persistence","https://doi.org/10.1007/s00484-004-0229-z","Damialis, A; Gioulekas, D; Lazopoulou, C; Balafoutis, C; Vokou, D",2005,NA,1,0
"Using Bayesian model averaging to calibrate forecast ensembles","https://doi.org/10.1175/MWR2906.1","Raftery, AE; Gneiting, T; Balabdaoui, F; Polakowski, M",2005,1,0,1
"Limits to the use of environmental indices to reduce risk and/or increase yield in the South African anchovy fishery","https://doi.org/10.2989/18142320509504078","De Oliveira, JAA; Butterworth, DS",2005,NA,1,0
"A model to predict climate-change impact on fish catch in the world oceans","https://doi.org/10.1109/TSMCA.2005.851345","Biswas, BK; Svirezhev, YA; Bala, BK",2005,0,1,1
"Time series forecasting of cyanobacteria blooms in the Crestuma Reservoir (Douro River, Portugal) using artificial neural networks","https://doi.org/10.1007/s00267-005-0074-9","Teles, LO; Vasconcelos, V; Teles, LO; Pereira, E; Saker, M; Vasconcelos, V",2006,1,1,1
"Time-series modeling of fishery landings using ARIMA models and Fuzzy Expected Intervals software","https://doi.org/10.1016/j.envsoft.2005.09.001","Koutroumanidis, T; Iliadis, L; Sylaios, GK",2006,1,1,1
"Time series analysis and forecasting techniques applied on loliginid and ommastrephid landings in Greek waters","https://doi.org/10.1016/j.fishres.2005.12.003","Georgakarakos, S; Koutsoubas, D; Valavanis, V",2006,1,1,1
"Forecasting cyanobacteria with Bayesian and deterministic artificial neural networks",NA,"Kingston, GB; Maier, HR; Lambert, MF",2006,1,1,1
"Unravelling and predicting ecosystem behaviours of Lake Soyang (South Korea) in response to seasonality and management by means of artificial neural networks",NA,"Recknagel, F; Kim, B; Welk, A",2006,1,1,1
"Flow forecasting for a Hawaii stream using rating curves and neural networks","https://doi.org/10.1016/j.jhydrol.2005.05.008","Sahoo, GB; Ray, C",2006,1,0,1
"Global traffic and disease vector dispersal","https://doi.org/10.1073/pnas.0508391103","Tatem, AJ; Hay, SI; Rogers, DJ",2006,NA,0,0
"Towards numerical forecasting of long-range air transport of birch pollen: theoretical considerations and a feasibility study","https://doi.org/10.1007/s00484-006-0027-x","Sofiev, M; Siljamo, P; Ranta, H; Rantio-Lehtimaki, A",2006,NA,1,0
"Prediction of the concentration of chlorophyll-alpha for Liuhai urban lakes in Beijing City",NA,"Zeng, Y; Yang, ZF; Liu, JF",2006,NA,1,0
"Long distance pollen transport cause problems for determining the timing of birch pollen season in Fennoscandia by using phenological observations","https://doi.org/10.1080/00173130600984740","Ranta, H; Kubin, E; Siljamo, P; Sofiev, M; Linkosalo, T; Oksanen, A; Bondestam, K",2006,NA,1,0
"Quercus pollen season dynamics in the Iberian Peninsula: Response to meteorological parameters and possible consequences of climate change",NA,"Garcia-Mozo, H; Galan, C; Jato, V; Belmonte, J; de la Guardia, CD; Fernandez, D; Gutierrez, M; Aira, MJ; Roure, JM; Ruiz, L; Trigo, MM; Dominguez-Vilches, E",2006,NA,1,0
"Modeling phytoplankton abundance in Saginaw Bay, Lake Huron: Using artificial neural networks to discern functional influence of environmental variables and relevance to a great lakes observing system","https://doi.org/10.1111/j.1529-8817.2006.00209.x","Millie, DF; Weckman, GR; Pigg, RJ; Tester, PA; Dyble, J; Litaker, RW; Carrick, HJ; Fahnenstiel, GL",2006,NA,1,0
"Another look at measures of forecast accuracy","https://doi.org/10.1016/j.ijforecast.2006.03.001","Hyndman, RJ; Koehler, AB",2006,1,0,1
"Neural net modeling of estuarine indicators: Hindcasting phytoplankton biomass and net ecosystem production in the Neuse (North Carolina) and Trout (Florida) Rivers, USA","https://doi.org/10.1016/j.ecolind.2005.08.021","Millie, DF; Weckman, GR; Paerl, HW; Pinckney, JL; Bendis, BJ; Pigg, RJ; Fahnenstiel, GL",2006,NA,1,0
"Hydroinformatics techniques in eco-environmental modelling and management","https://doi.org/10.2166/hydro.2006.011","Chen, QW; Morales-Chaves, Y; Li, H; Mynett, AE",2006,NA,1,0
"Water quality forecast through application of BP neural network at Yuqiao reservoir","https://doi.org/10.1631/jzus.2007.A1482","Zhao, Y; Nan, J; Cui, FY; Guo, L",2007,1,1,1
"Estimating reference evapotranspiration with the FAO Penman-Monteith equation using daily weather forecast messages","https://doi.org/10.1016/j.agrformet.2007.04.012","Cai, JB; Liu, Y; Lei, TW; Pereira, LS",2007,1,1,1
"A simple model for forecast of coastal algal blooms","https://doi.org/10.1016/j.ecss.2007.04.012","Wong, KTM; Lee, JHW; Hodgkiss, IJ",2007,NA,1,0
"Elucidation and short-term forecasting of microcystin concentrations in Lake Suwa (Japan) by means of artificial neural networks and evolutionary algorithms","https://doi.org/10.1016/j.watres.2007.02.001","Chan, WS; Recknagel, F; Cao, HQ; Park, HD",2007,1,1,1
"Modeling and forecasting pelagic fish production using univariate and multivariate ARIMA models","https://doi.org/10.1111/j.1444-2906.2007.01426.x","Tsitsika, EV; Maravelias, CD; Haralabous, J",2007,1,1,1
"Biophysical modelling and NDVI time series to project near-term forage supply: spectral analysis aided by wavelet denoising and ARIMA modelling","https://doi.org/10.1080/01431160600954670","Alhamad, MN; Stuth, J; Vannucci, M",2007,1,1,1
"Monitoring and Forecasting","https://doi.org/10.1079/9780851998190.0515","Harrington, R; Hulle, M; Plantegenest, M",2007,NA,1,0
"Experimental implementation of an ensemble adjustment filter for an intermediate ENSO model","https://doi.org/10.1175/JCLI4245.1","Karspeck, AR; Anderson, JL",2007,1,0,1
"System design and evaluation of coupled ensemble data assimilation for global oceanic climate studies","https://doi.org/10.1175/MWR3466.1","Zhang, S; Harrison, MJ; Rosati, A; Wittenberg, A",2007,NA,1,0
"Artificial neural network approaches to one-step weekly prediction of Dinophysis acuminata blooms in Huelva (Western Andalucia, Spain)","https://doi.org/10.1016/j.hal.2006.11.002","Velo-Suarez, L; Gutierrez-Estrada, JC",2007,NA,1,0
"Fuzzy logic model of lake water level fluctuations in Lake Van, Turkey","https://doi.org/10.1007/s00704-006-0267-z","Altunkaynak, A; Sen, Z",2007,1,0,1
"Using support vector machines to predict the variation of organic pollutants in pond water",NA,"Li, N; Fu, ZT; Cai, WG; Zhang, XS",2007,NA,1,1
"The contribution of long-distance transport to the presence of Ambrosia pollen in central northern Italy","https://doi.org/10.1007/s10453-007-9060-4","Cecchi, L; Malaspina, TT; Albertini, R; Zanca, M; Ridolo, E; Usberti, I; Morabito, M; Dall' Aglio, P; Orlandini, S",2007,NA,0,0
"Development and application of crop growth simulation modelling in pest management","https://doi.org/10.5367/000000007780223704","Chander, S; Kalra, N; Aggarwal, PK",2007,NA,1,0
"Bayesian statistical data assimilation for ecosystem models using Markov Chain Monte Carlo","https://doi.org/10.1016/j.jmarsys.2007.01.007","Dowd, M",2007,NA,1,0
"The long-range transport of birch (Betula) pollen from Poland and Germany causes significant pre-season concentrations in Denmark","https://doi.org/10.1111/j.1365-2222.2007.02771.x","Skjoth, CA; Sommer, J; Stach, A; Smith, M; Brandt, J",2007,NA,1,0
"Forecasting airborne Platanus pollen in the Madrid region","https://doi.org/10.1080/00173130802218574","Ruiz, SS; Bustillo, AMG; Morales, PC; Cuesta, P",2008,NA,1,0
"Forecasting fish catches in the Songkhla Lake basin","https://doi.org/10.2306/scienceasia1513-1874.2008.34.335","Chesoh, S; Lim, A",2008,1,1,1
"Forecasting and explanation of algal dynamics in two shallow lakes by recurrent artificial neural network and hybrid evolutionary algorithm","https://doi.org/10.1016/j.matcom.2008.01.037","Talib, A; Recknagel, F; Cao, H; van der Molen, DT",2008,1,1,1
"An Epidemiological Model for Externally Sourced Vector-Borne Viruses Applied to Bean yellow mosaic virus in Lupin Crops in a Mediterranean-Type Environment","https://doi.org/10.1094/PHYTO-98-12-1280","Maling, T; Diggle, AJ; Thaccray, DJ; Siddique, KHM; Jones, RAC",2008,NA,1,0
"Chaos in a long-term experiment with a plankton community","https://doi.org/10.1038/nature06512","Beninca, E; Huisman, J; Heerkloss, R; Johnk, KD; Branco, P; Van Nes, EH; Scheffer, M; Ellner, SP",2008,1,1,1
"Data Mining for Environmental Analysis and Diagnostic: A case study of upwelling ecosystem of Arraial do Caboc","https://doi.org/10.1590/S1679-87592008000100001","Pereira, GC; Coulinho, R; Ebecken, NFF",2008,NA,1,0
"A management framework for preventing the secondary spread of aquatic invasive species","https://doi.org/10.1139/F08-099","Vander Zanden, MJ; Olden, JD",2008,NA,1,0
"CHLfuzzy: a spreadsheet tool for the fuzzy modeling of chlorophyll concentrations in coastal lagoons","https://doi.org/10.1007/s10750-008-9358-4","Sylaios, GK; Gitsakis, N; Koutroumanidis, T; Tsihrintzis, VA",2008,NA,1,0
"Automatic time series forecasting: The forecast package for R","https://doi.org/10.18637/jss.v027.i03","Hyndman, RJ; Khandakar, Y",2008,1,0,1
"A deterministic formulation of the ensemble Kalman filter: an alternative to ensemble square root filters","https://doi.org/10.1111/j.1600-0870.2007.00299.x","Sakov, P; Oke, PR",2008,NA,0,0
"The impact of nudging in the meteorological model for retrospective air quality simulations. Part I: Evaluation against national observation networks","https://doi.org/10.1175/2007JAMC1790.1","Otte, TL",2008,1,0,1
"Morphing ensemble Kalman filters","https://doi.org/10.1111/j.1600-0870.2007.00275.x","Beezley, JD; Mandel, J",2008,NA,0,0
"Applications of Soft Computing to Environmental Hydroinformatics with Emphasis on Ecohydraulics Modelling",NA,"Chen, Q; Mynett, A",2008,NA,1,0
"An ANN application for water quality forecasting","https://doi.org/10.1016/j.marpolbul.2008.05.021","Palani, S; Liong, SY; Tkalich, P",2008,NA,1,0
"The Bluelink ocean data assimilation system (BODAS)","https://doi.org/10.1016/j.ocemod.2007.11.002","Oke, PR; Brassington, GB; Griffin, DA; Schiller, A",2008,1,0,1
"Numerical simulation of birch pollen dispersion with an operational weather forecast system","https://doi.org/10.1007/s00484-008-0174-3","Vogel, H; Pauling, A; Vogel, B",2008,NA,1,1
"Use an Improved BP Network to Simulate Lake Eutrophication","https://doi.org/10.1109/ICNC.2008.919","Chen, YF",2008,0,1,1
"Claims of Potential Expansion throughout the U.S. by Invasive Python Species Are Contradicted by Ecological Niche Models","https://doi.org/10.1371/journal.pone.0002931","Pyron, RA; Burbrink, FT; Guiher, TJ",2008,0,1,1
"Climate change hastens the turnover of stream fish assemblages","https://doi.org/10.1111/j.1365-2486.2008.01657.x","Buisson, L; Thuiller, W; Lek, S; Lim, P; Grenouillet, G",2008,0,1,1
"BYDV PREDICTOR: a simulation model to predict aphid arrival, epidemics of Barley yellow dwarf virus and yield losses in wheat crops in a Mediterranean-type environment","https://doi.org/10.1111/j.1365-3059.2008.01950.x","Thackray, DJ; Diggle, AJ; Jones, RAC",2009,NA,1,0
"Prediction of dissolved oxygen in the Mediterranean Sea along Gaza, Palestine - an artificial neural network approach","https://doi.org/10.2166/wst.2009.730","Zaqoot, HA; Ansari, AK; Unar, MA; Khan, SH",2009,NA,1,0
"EUTROPHICATION MODELING OF SEAWATER USING ARTIFICIAL NEURAL NETWORK TECHNIQUE",NA,"Sundarambal, P; Liong, SY; Tkalich, P",2009,NA,1,0
"Skill assessment for an operational algal bloom forecast system","https://doi.org/10.1016/j.jmarsys.2008.05.016","Stumpf, RP; Tomlinson, MC; Calkins, JA; Kirkpatrick, B; Fisher, K; Nierenberg, K; Currier, R; Wynne, TT",2009,1,1,1
"Water Quality Prediction Using LS-SVM with Particle Swarm Optimization","https://doi.org/10.1109/WKDD.2009.217","Xiang, YR; Jiang, LZ",2009,1,1,1
"Forecasting tree mortality using change metrics derived from MODIS satellite data","https://doi.org/10.1016/j.foreco.2009.06.011","Verbesselt, J; Robinson, A; Stone, C; Culvenor, D",2009,1,1,1
"Ecological Informatics: Current Scope and Future Directions","https://doi.org/10.1007/978-3-540-88351-7_1","Recknagel, F",2009,NA,1,0
"A Predictive Framework to Understand Forest Responses to Global Change","https://doi.org/10.1111/j.1749-6632.2009.04495.x","McMahon, SM; Dietze, MC; Hersh, MH; Moran, EV; Clark, JS",2009,NA,1,1
"Evaluating the performance of Gulf of Alaska walleye pollock (Theragra chalcogramma) recruitment forecasting models using a Monte Carlo resampling strategy","https://doi.org/10.1139/F08-203","Lee, YW; Megrey, BA; Macklin, SA",2009,NA,1,0
"Synchrony of Marine Fish Catches and Climate and Ocean Regime Shifts in the North Pacific Ocean","https://doi.org/10.1577/C08-001.1","Noakes, DJ; Beamish, RJ",2009,NA,1,0
"FUZZY INDICES OF ECOLOGICAL CONDITIONS: REVIEW OF TECHNIQUES AND APPLICATIONS",NA,"Marchini, A",2009,NA,1,0
"Forecasting the start of Quercus pollen season using several methods - the evaluation of their efficiency","https://doi.org/10.1007/s00484-009-0221-8","Kasprzyk, I",2009,NA,1,0
"Frequentist model averaging estimation: a review","https://doi.org/10.1007/s11424-009-9198-y","Wang, HY; Zhang, XY; Zou, GH",2009,NA,0,0
"Predicting average regional yield and production of wheat in the Argentine Pampas by an artificial neural network approach","https://doi.org/10.1016/j.eja.2008.07.005","Alvarez, R",2009,NA,1,0
"Severe Winter Freezes Enhance St. Louis Encephalitis Virus Amplification and Epidemic Transmission in Peninsular Florida","https://doi.org/10.1603/033.046.0638","Day, JF; Shaman, J",2009,NA,1,0
"MIGCLIM: Predicting plant distribution and dispersal in a changing climate","https://doi.org/10.1111/j.1472-4642.2009.00566.x","Engler, R; Guisan, A",2009,NA,1,0
"Development of a neural network model for dissolved oxygen in seawater",NA,"Palani, S; Liong, SY; Tkalich, P; Palanichamy, J",2009,NA,1,0
"On the Weighting of Multimodel Ensembles in Seasonal and Short-Range Weather Forecasting","https://doi.org/10.1175/2009MWR2893.1","Casanova, S; Ahrens, B",2009,NA,1,0
"Modelling spread of the invasive macrophyte Cabomba caroliniana","https://doi.org/10.1111/j.1365-2427.2008.02108.x","Jacobs, MJ; Macisaac, HJ",2009,NA,1,1
"Comparison of fuzzy inference systems for streamflow prediction","https://doi.org/10.1623/hysj.54.2.261","Ozger, M",2009,1,0,1
"Increases in air temperature can promote wind-driven dispersal and spread of plants","https://doi.org/10.1098/rspb.2009.0693","Kuparinen, A; Katul, G; Nathan, R; Schurr, FM",2009,NA,1,0
"Demographic models and IPCC climate projections predict the decline of an emperor penguin population","https://doi.org/10.1073/pnas.0806638106","Jenouvrier, S; Caswell, H; Barbraud, C; Holland, M; Stroeve, J; Weimerskirch, H",2009,0,1,1
"A Comparison of ANN Architecture towards Predicting Cyanobacteria Abundance at Tropical Lake and Wetlands","https://doi.org/10.3850/978-981-08-5716-5_T266","Oh, JH; Malek, S; Ahmad, SMS; Salleh, A",2010,NA,1,0
"A double-threshold temperature sum model for predicting the flowering duration and relative intensity of Betula pendula and B. pubescens","https://doi.org/10.1016/j.agrformet.2010.08.007","Linkosalo, T; Ranta, H; Oksanen, A; Siljamo, P; Luomajoki, A; Kukkonen, J; Sofiev, M",2010,NA,1,0
"Forecasting daily pollen concentrations using data-driven modeling methods in Thessaloniki, Greece","https://doi.org/10.1016/j.atmosenv.2010.09.006","Voukantsis, D; Niska, H; Karatzas, K; Riga, M; Damialis, A; Vokou, D",2010,1,1,1
"Climate Change and Bark Beetles of the Western United States and Canada: Direct and Indirect Effects","https://doi.org/10.1525/bio.2010.60.8.6","Bentz, BJ; Regniere, J; Fettig, CJ; Hansen, EM; Hayes, JL; Hicke, JA; Kelsey, RG; Negron, JF; Seybold, SJ",2010,NA,1,0
"Notes and Correspondence Accelerating the spin-up of Ensemble Kalman Filtering","https://doi.org/10.1002/qj.652","Kalnay, E; Yang, SC",2010,NA,0,0
"An epidemiological model for externally acquired vector-borne viruses applied to Beet western yellows virus in Brassica napus crops in a Mediterranean-type environment","https://doi.org/10.1071/CP09180","Maling, T; Diggle, AJ; Thackray, DJ; Siddique, KHM; Jones, RAC",2010,NA,1,0
"A fuzzy-logic-based model to predict biogas and methane production rates in a pilot-scale mesophilic UASB reactor treating molasses wastewater","https://doi.org/10.1016/j.jhazmat.2010.06.054","Turkdogan-Aydinol, FI; Yetilmezsoy, K",2010,1,0,1
"THE NCEP CLIMATE FORECAST SYSTEM REANALYSIS","https://doi.org/10.1175/2010BAMS3001.1","Saha, S; Moorthi, S; Pan, HL; Wu, XR; Wang, JD; Nadiga, S; Tripp, P; Kistler, R; Woollen, J; Behringer, D; Liu, HX; Stokes, D; Grumbine, R; Gayno, G; Wang, J; Hou, YT; Chuang, HY; Juang, HMH; Sela, J; Iredell, M; Treadon, R; Kleist, D; Van Delst, P; Keyser, D; Derber, J; Ek, M; Meng, J; Wei, HL; Yang, RQ; Lord, S; Van den Dool, H; Kumar, A; Wang, WQ; Long, C; Chelliah, M; Xue, Y; Huang, BY; Schemm, JK; Ebisuzaki, W; Lin, R; Xie, PP; Chen, MY; Zhou, ST; Higgins, W; Zou, CZ; Liu, QH; Chen, Y; Han, Y; Cucurull, L; Reynolds, RW; Rutledge, G; Goldberg, M",2010,NA,0,0
"The Meteorology-Chemistry Interface Processor (MCIP) for the CMAQ modeling system: updates through MCIPv3.4.1","https://doi.org/10.5194/gmd-3-243-2010","Otte, TL; Pleim, JE",2010,NA,0,0
"Ecological forecasting under climatic data uncertainty: a case study in phenological modeling","https://doi.org/10.1088/1748-9326/5/4/044014","Cook, BI; Terando, A; Steiner, A",2010,0,1,1
"Forecasting phenology under global warming","https://doi.org/10.1098/rstb.2010.0120","Ibanez, I; Primack, RB; Miller-Rushing, AJ; Ellwood, E; Higuchi, H; Lee, SD; Kobori, H; Silander, JA",2010,0,1,1
"A multi-modeling approach to evaluating climate and land use change impacts in a Great Lakes River Basin","https://doi.org/10.1007/s10750-010-0239-2","Wiley, MJ; Hyndman, DW; Pijanowski, BC; Kendall, AD; Riseng, C; Rutherford, ES; Cheng, ST; Carlson, ML; Tyler, JA; Stevenson, RJ; Steen, PJ; Richards, PL; Seelbach, PW; Koches, JM; Rediske, RR",2010,0,1,1
"Forecasting of cyanobacterial density in Torrao reservoir using artificial neural networks","https://doi.org/10.1039/c1em10127g","Torres, R; Pereira, E; Vasconcelos, V; Teles, LO",2011,1,1,1
"The potential use of a Gadget model to predict stock responses to climate change in combination with Bayesian networks: the case of Bay of Biscay anchovy","https://doi.org/10.1093/icesjms/fsr087","Andonegi, E; Fernandes, JA; Quincoces, I; Irigoien, X; Uriarte, A; Perez, A; Howel, D; Stefanssons, G",2011,0,1,1
"Predicting dissolved oxygen in the Chesapeake Bay: applications and implications","https://doi.org/10.1007/s00027-011-0191-x","Prasad, MBK; Long, W; Zhang, XS; Wood, RJ; Murtugudde, R",2011,NA,1,0
"Forecasting Fire Season Severity in South America Using Sea Surface Temperature Anomalies","https://doi.org/10.1126/science.1209472","Chen, Y; Randerson, JT; Morton, DC; DeFries, RS; Collatz, GJ; Kasibhatla, PS; Giglio, L; Jin, YF; Marlier, ME",2011,1,1,1
"Seasonal forecasting of tuna habitat for dynamic spatial management","https://doi.org/10.1139/F2011-031","Hobday, AJ; Hartog, JR; Spillman, CM; Alves, O",2011,1,1,1
"Detecting and forecasting complex nonlinear dynamics in spatially structured catch-per-unit-effort time series for North Pacific albacore (Thunnus alalunga)","https://doi.org/10.1139/F10-160","Glaser, SM; Ye, H; Maunder, M; MacCall, A; Fogarty, M; Sugihara, G",2011,1,1,1
"Integrated Control Measures Against Viruses and their Vectors",NA,"Fereres, A; Moreno, A",2011,NA,1,0
"Platanus pollen season in Andalusia (southern Spain): trends and modeling","https://doi.org/10.1039/c1em10355e","Alcazar, P; Garcia-Mozo, H; Trigo, MD; Ruiz, L; Gonzalez-Minero, FJ; Hidalgo, P; de la Guardia, CD; Galan, C",2011,NA,1,0
"The tourism forecasting competition","https://doi.org/10.1016/j.ijforecast.2010.04.009","Athanasopoulos, G; Hyndman, RJ; Song, HY; Wu, DC",2011,1,0,1
"Spatial estimation of the density and carbon content of host populations for Phytophthora ramorum in California and Oregon","https://doi.org/10.1016/j.foreco.2011.05.033","Lamsal, S; Cobb, RC; Cushman, JH; Meng, QM; Rizzo, DM; Meentemeyer, RK",2011,NA,1,0
"Predicting foraging wading bird populations in Everglades National Park from seasonal hydrologic statistics under different management scenarios","https://doi.org/10.1029/2010WR009552","Kwon, HH; Lall, U; Engel, V",2011,NA,1,0
"A novel hybridization of artificial neural networks and ARIMA models for time series forecasting","https://doi.org/10.1016/j.asoc.2010.10.015","Khashei, M; Bijari, M",2011,1,0,1
"Assessment of predictive models for chlorophyll-a concentration of a tropical lake","https://doi.org/10.1186/1471-2105-12-S13-S12","Malek, S; Ahmad, SMS; Singh, SKK; Milow, P; Salleh, A",2011,NA,1,0
"Potential performances of remotely sensed LAI assimilation in WOFOST model based on an OSS Experiment","https://doi.org/10.1016/j.agrformet.2011.08.002","Curnel, Y; de Wit, AJW; Duveiller, G; Defourny, P",2011,NA,1,0
"Evaluation of IRI's Seasonal Climate Forecasts for the Extreme 15% Tails","https://doi.org/10.1175/WAF-D-10-05009.1","Barnston, AG; Mason, SJ",2011,1,0,1
"An adaptive neuro-fuzzy approach for modeling of water-in-oil emulsion formation","https://doi.org/10.1016/j.colsurfa.2011.08.051","Yetilmezsoy, K; Fingas, M; Fieldhouse, B",2011,NA,0,1
"Hydrologic Effects of Urbanization and Climate Change on the Flint River Basin, Georgia","https://doi.org/10.1175/2010EI369.1","Viger, RJ; Hay, LE; Markstrom, SL; Jones, JW; Buell, GR",2011,0,0,1
"Investigation into mountain pine beetle above-canopy dispersion using weather radar and an atmospheric dispersion model","https://doi.org/10.1007/s10453-010-9176-9","Ainslie, B; Jackson, PL",2011,NA,1,0
"The impact of climate change on the performance of rebuilding strategies for overfished groundfish species of the US west coast","https://doi.org/10.1016/j.fishres.2011.02.019","Punt, AE",2011,NA,1,0
"Increasing Potential Risk of a Global Aquatic Invader in Europe in Contrast to Other Continents under Future Climate Change","https://doi.org/10.1371/journal.pone.0018429","Liu, XA; Guo, ZW; Ke, ZW; Wang, SP; Li, YM",2011,0,1,1
"State prediction of algae reproduction based on learning algorithm of fuzzy nearest neighbor clustering","https://doi.org/10.4028/www.scientific.net/AMR.356-360.929","Zhang, Y",2012,NA,1,0
"Dynamic versus static neural network model for rainfall forecasting at Klang River Basin, Malaysia","https://doi.org/10.5194/hess-16-1151-2012","El-Shafie, A; Noureldin, A; Taha, M; Hussain, A; Mukhlisin, M",2012,1,0,1
"Hydrodynamic-phytoplankton model for short-term forecasts of phytoplankton in Lake Taihu, China","https://doi.org/10.1016/j.limno.2011.06.003","Huang, JC; Gao, JF; Hormann, G",2012,NA,1,0
"Satellite microwave remote sensing for environmental modeling of mosquito population dynamics","https://doi.org/10.1016/j.rse.2012.07.018","Chuang, TW; Henebry, GM; Kimball, JS; VanRoekel-Patton, DL; Hildreth, MB; Wimberly, MC",2012,NA,1,0
"Forecasting the number of extreme daily events on seasonal timescales","https://doi.org/10.1029/2011JD016541","Hamilton, E; Eade, R; Graham, RJ; Scaife, AA; Smith, DM; Maidens, A; MacLachlan, C",2012,1,0,1
"Machine Learning for Predictive Management: Short and Long term Prediction of Phytoplankton Biomass using Genetic Algorithm Based Recurrent Neural Networks",NA,"Kim, DK; Jeong, KS; McKay, RIB; Chon, TS; Joo, GJ",2012,NA,1,0
"A Bayesian Approach to Estimating Agricultural Yield Based on Multiple Repeated Surveys","https://doi.org/10.1007/s13253-011-0067-5","Wang, JQC; Holan, SH; Nandram, B; Barboza, W; Toto, C; Anderson, E",2012,1,1,1
"Assimilating MODIS-LAI into Crop Growth Model with EnKF to Predict Regional Crop Yield",NA,"Wu, SJ; Huang, JX; Liu, XQ; Fan, JL; Ma, GN; Zou, JQ",2012,NA,1,0
"Modeling the dispersion of Ambrosia artemisiifolia L. pollen with the model system COSMO-ART","https://doi.org/10.1007/s00484-011-0468-8","Zink, K; Vogel, H; Vogel, B; Magyar, D; Kottmeier, C",2012,NA,1,0
"Prediction of Dissolved Oxygen Content in Aquaculture of Hyriopsis Cumingii Using Elman Neural Network",NA,"Liu, SY; Yan, MX; Tai, HJ; Xu, LQ; Li, DL",2012,NA,1,0
"Supervised and Unsupervised Artificial Neural Networks for Analysis of Diatom Abundance in Tropical Putrajaya Lake, Malaysia",NA,"Sorayya, M; Aishah, S; Sapiyan, BM",2012,NA,1,0
"Timing of climate variability and grassland productivity","https://doi.org/10.1073/pnas.1118438109","Craine, JM; Nippert, JB; Elmore, AJ; Skibbe, AM; Hutchinson, SL; Brunsell, NA",2012,NA,1,0
"A Prognostic Approach Based on Fuzzy-Logic Methodology to Forecast PM10 Levels in Khaldiya Residential Area, Kuwait","https://doi.org/10.4209/aaqr.2012.07.0163","Yetilmezsoy, K; Abdul-Wahab, SA",2012,1,0,1
"Application of receptor models on water quality data in source apportionment in Kuantan River Basin","https://doi.org/10.1186/1735-2746-9-18","Nasir, MFM; Zali, MA; Juahir, H; Hussain, H; Zain, SM; Ramli, N",2012,1,0,1
"A cold oceanographic regime with high exploitation rates in the Northeast Pacific forecasts a collapse of the sardine stock","https://doi.org/10.1073/pnas.1113806109","Zwolinski, JP; Demer, DA",2012,NA,1,0
"Fuzzy-logic modeling of Fenton's oxidation of anaerobically pretreated poultry manure wastewater","https://doi.org/10.1007/s11356-011-0726-7","Yetilmezsoy, K",2012,NA,1,0
"Estimating regional wheat yield from the shape of decreasing curves of green area index temporal profiles retrieved from MODIS data","https://doi.org/10.1016/j.jag.2012.01.009","Kouadio, L; Duveiller, G; Djaby, B; El Jarroudi, M; Defourny, P; Tychon, B",2012,NA,1,1
"An operational model for the West Iberian coast: products and services","https://doi.org/10.5194/os-8-713-2012","Mateus, M; Riflet, G; Chambel, P; Fernandes, L; Fernandes, R; Juliano, M; Campuzano, F; de Pablo, H; Neves, R",2012,NA,0,0
"Regional air-quality forecasting for the Pacific Northwest using MOPITT/TERRA assimilated carbon monoxide MOZART-4 forecasts as a near real-time boundary condition","https://doi.org/10.5194/acp-12-5603-2012","Herron-Thorpe, FL; Mount, GH; Emmons, LK; Lamb, BK; Chung, SH; Vaughan, JK",2012,1,0,1
"Modeling Water-in-Oil Emulsion Formation Using Fuzzy Logic",NA,"Yetilmezsoy, K; Fingas, M; Fieldhouse, B",2012,NA,0,0
"Assimilation of COSMO-SkyMed-derived LAI maps into the AQUATER crop growth simulation model. Capitanata (Southern Italy) case study","https://doi.org/10.5721/EuJRS20134653","Rinaldi, M; Satalino, G; Mattia, F; Balenzano, A; Perego, A; Acutis, M; Ruggieri, S",2013,1,1,1
"Integrating Relevance Vector Machine and Genetic Algorithm for Prediction of Phytoplankton Abundance in Freshwater Reservoirs",NA,"Xie, ZC; Lou, IC; Ung, WK; Mok, KM",2013,1,0,1
"Prediction of Aquaculture Water Quality Based on Combining Principal Component Analysis and Least Square Support Vector Regression","https://doi.org/10.1166/sl.2013.2860","Liu, SY; Xu, LQ; Li, DL",2013,1,1,1
"Ecological forecasting in Chesapeake Bay: Using a mechanistic-empirical modeling approach","https://doi.org/10.1016/j.jmarsys.2012.12.007","Brown, CW; Hood, RR; Long, W; Jacobs, J; Ramers, DL; Wazniak, C; Wiggert, JD; Wood, R; Xu, J",2013,1,1,1
"Assimilating Remotely Sensed Information with the WheatGrow Model Based on the Ensemble Square Root Filter for Improving Regional Wheat Yield Forecasts","https://doi.org/10.1626/pps.16.352","Huang, Y; Zhu, Y; Li, WL; Cao, WX; Tian, YC",2013,NA,1,0
"Improving the accuracy and utility of harmful algal bloom forecasting systems",NA,"Anderson, DM; Keafer, BA; McGillicuddy, DJ; Solow, AR; Kleindinst, JL",2013,NA,1,0
"An operational model for forecasting ragweed pollen release and dispersion in Europe","https://doi.org/10.1016/j.agrformet.2013.08.003","Prank, M; Chapman, DS; Bullock, JM; Belmonte, J; Berger, U; Dahl, A; Jager, S; Kovtunenko, I; Magyar, D; Niemela, S; Rantio-Lehtimaki, A; Rodinkova, V; Sauliene, I; Severova, E; Sikoparija, B; Sofiev, M",2013,1,1,1
"Evolution of a cyanobacterial bloom forecast system in western Lake Erie: Development and initial evaluation","https://doi.org/10.1016/j.jglr.2012.10.003","Wynne, TT; Stumpf, RP; Tomlinson, MC; Fahnenstiel, GL; Dyble, J; Schwab, DJ; Joshi, SJ",2013,1,1,1
"An improved ecological model and software for short-term algal bloom forecasting","https://doi.org/10.1016/j.envsoft.2013.07.001","Zhang, HJ; Hu, WP; Gu, K; Li, QQ; Zheng, DL; Zhai, SH",2013,1,1,1
"Hybrid ANN-GA model for predicting turbidity and chlorophyll-a concentrations","https://doi.org/10.1016/j.jher.2013.04.003","Mulia, IE; Tay, H; Roopsekhar, K; Tkalich, P",2013,1,1,1
"Forecasting animal migration using SARIMAX: an efficient means of reducing silver eel mortality caused by turbines","https://doi.org/10.3354/esr00517","Trancart, T; Acou, A; De Oliveira, E; Feunteun, E",2013,1,1,1
"Impact of bio-optical data assimilation on short-term coupled physical, bio-optical model predictions","https://doi.org/10.1002/jgrc.20177","Shulman, I; Frolov, S; Anderson, S; Penta, B; Gould, R; Sakalaukus, P; Ladner, S",2013,1,1,1
"Spatio-temporal modeling for real-time ozone forecasting","https://doi.org/10.1016/j.spasta.2013.04.003","Paci, L; Gelfand, AE; Holland, DM",2013,1,0,1
"Forecasting crop yield using remotely sensed vegetation indices and crop phenology metrics","https://doi.org/10.1016/j.agrformet.2013.01.007","Bolton, DK; Friedl, MA",2013,1,1,1
"Time-Series Forecasting of Indoor Temperature Using Pre-trained Deep Neural Networks",NA,"Romeu, P; Zamora-Martinez, F; Botella-Rocamora, P; Pardo, J",2013,NA,0,1
"A numerical model of birch pollen emission and dispersion in the atmosphere. Description of the emission module","https://doi.org/10.1007/s00484-012-0532-z","Sofiev, M; Siljamo, P; Ranta, H; Linkosalo, T; Jaeger, S; Rasmussen, A; Rantio-Lehtimaki, A; Severova, E; Kukkonen, J",2013,1,1,0
"Forecasting of the selected features of Poaceae (R. Br.) Barnh., Artemisia L. and Ambrosia L. pollen season in Szczecin, north-western Poland, using Gumbel's distribution",NA,"Puc, M; Wolski, T",2013,NA,1,0
"Geospatial interpolation of MODIS-derived salinity and temperature in the Chesapeake Bay","https://doi.org/10.1016/j.rse.2013.03.034","Urquhart, EA; Hoffman, MJ; Murphy, RR; Zaitchik, BF",2013,NA,1,0
"Forecasting potential bark beetle outbreaks based on spruce forest vitality using hyperspectral remote-sensing techniques at different scales","https://doi.org/10.1016/j.foreco.2013.07.043","Lausch, A; Heurich, M; Gordalla, D; Dobner, HJ; Gwillym-Margianto, S; Salbach, C",2013,NA,1,0
"FLOWERING DATE OF TAXONOMIC FAMILIES PREDICTS PHENOLOGICAL SENSITIVITY TO TEMPERATURE: IMPLICATIONS FOR FORECASTING THE EFFECTS OF CLIMATE CHANGE ON UNSTUDIED TAXA","https://doi.org/10.3732/ajb.1200455","Mazer, SJ; Travers, SE; Cook, BI; Davies, TJ; Bolmgren, K; Kraft, NJB; Salamin, N; Inouye, DW",2013,NA,1,0
"Prediction Skill and Bias of Tropical Pacific Sea Surface Temperatures in the NCEP Climate Forecast System Version 2","https://doi.org/10.1175/JCLI-D-12-00600.1","Xue, Y; Chen, MY; Kumar, A; Hu, ZZ; Wang, WQ",2013,NA,0,1
"Evaluation of numerical weather prediction model precipitation forecasts for short-term streamflow forecasting purpose","https://doi.org/10.5194/hess-17-1913-2013","Shrestha, DL; Robertson, DE; Wang, QJ; Pagano, TC; Hapuarachchi, HAP",2013,1,0,1
"Implementation of the initial ACCESS numerical weather prediction system","https://doi.org/10.22499/2.6302.001","Puri, K; Dietachmayer, G; Steinle, P; Dix, M; Rikus, L; Logan, L; Naughton, M; Tingwell, C; Xiao, Y; Barras, V; Bermous, I; Bowen, R; Deschamps, L; Franklin, C; Fraser, J; Glowacki, T; Harris, B; Lee, J; Le, T; Roff, G; Sulaiman, A; Sims, H; Sun, X; Sun, Z; Zhu, H; Chattopadhyay, M; Engel, C",2013,1,0,1
"Model-free forecasting outperforms the correct mechanistic model for simulated and experimental data","https://doi.org/10.1073/pnas.1216076110","Perretti, CT; Munch, SB; Sugihara, G",2013,NA,1,0
"Spatio-temporal infestation patterns of Ips typographus (L.) in the Bavarian Forest National Park, Germany","https://doi.org/10.1016/j.ecolind.2012.07.026","Lausch, A; Heurich, M; Fahse, L",2013,NA,1,0
"Towards operational forecasts of algal blooms and pathogens",NA,"Brown, CW; Green, D; Hickey, BM; Jacobs, JM; Lanerolle, LWJ; Moore, S; Schwab, DJ; Trainer, VL; Trtanj, J; Turner, E; Wood, RJ; Wynne, TT",2013,NA,0,0
"Legitimising data-driven models: exemplification of a new data-driven mechanistic modelling framework","https://doi.org/10.5194/hess-17-2827-2013","Mount, NJ; Dawson, CW; Abrahart, RJ",2013,1,0,1
"Pla a_1 aeroallergen immunodetection related to the airborne Platanus pollen content","https://doi.org/10.1016/j.scitotenv.2013.06.062","Fernandez-Gonzalez, M; Guedes, A; Abreu, I; Rodriguez-Rajo, FJ",2013,NA,1,0
"Hierarchical Bayesian Spatio-Temporal Conway-Maxwell Poisson Models with Dynamic Dispersion","https://doi.org/10.1007/s13253-013-0141-2","Wu, GH; Holan, SH; Wikle, CK",2013,NA,1,1
"Assimilation of MODIS-LAI into the WOFOST model for forecasting regional winter wheat yield","https://doi.org/10.1016/j.mcm.2011.10.038","Ma, GN; Huang, JX; Wu, WB; Fan, JL; Zou, JQ; Wu, SJ",2013,NA,1,0
"Reducing uncertainty and risk through forest management planning in British Columbia","https://doi.org/10.1016/j.foreco.2012.11.035","Day, JK; Perez, DM",2013,NA,1,0
"Prediction of seasonal climate-induced variations in global food production","https://doi.org/10.1038/NCLIMATE1945","Iizumi, T; Sakuma, H; Yokozawa, M; Luo, JJ; Challinor, AJ; Brown, ME; Sakurai, G; Yamagata, T",2013,NA,1,0
"Constructed Analogs and Linear Regression","https://doi.org/10.1175/MWR-D-12-00223.1","Tippett, MK; Delsole, T",2013,NA,0,0
"Seasonal-to-Interannual Prediction of the Asian Summer Monsoon in the NCEP Climate Forecast System Version 2","https://doi.org/10.1175/JCLI-D-12-00437.1","Jiang, XW; Yang, S; Li, YQ; Kumar, A; Liu, XW; Zuo, ZY; Jha, B",2013,1,0,1
"Prediction of global patterns of dominant quasi-biweekly oscillation by the NCEP Climate Forecast System version 2","https://doi.org/10.1007/s00382-013-1877-7","Jia, XL; Yang, S; Li, X; Liu, YY; Wang, H; Liu, XW; Weaver, S",2013,1,0,1
"Nonlinear and nonparametric modeling approaches for probabilistic forecasting of the US gross national product","https://doi.org/10.1515/snde-2012-0029","Arora, S; Little, MA; McSharry, PE",2013,1,0,1
"THE USE OF REMOTE SENSING DATA FOR EPIDEMIC (SOCIO-ECOLOGICAL) RISK ASSESSMENT IN COASTAL REGIONS (CASE STUDY: CHOLERA OUTBREAK IN MARIUPOL, 2011)","https://doi.org/10.15407/knit2013.01.057","Kostyuchenko, YV; Yushchenko, MV; Kopachevsky, IM; Solovyov, DM; Bilous, YH",2013,NA,0,0
"In search of greener pastures: Using satellite images to predict the effects of environmental change on zebra migration","https://doi.org/10.1002/jgrg.20096","Bartlam-Brooks, HLA; Beck, PSA; Bohrer, G; Harris, S",2013,1,1,0
"On improving the communication between models and data","https://doi.org/10.1111/pce.12043","Dietze, MC; Lebauer, DS; Kooper, R",2013,NA,1,0
"A dynamical-statistical forecast model for the annual frequency of western Pacific tropical cyclones based on the NCEP Climate Forecast System version 2","https://doi.org/10.1002/2013JD020708","Li, X; Yang, S; Wang, H; Jia, XL; Kumar, A",2013,1,0,1
"Predicting climate effects on Pacific sardine","https://doi.org/10.1073/pnas.1215506110","Deyle, ER; Fogarty, M; Hsieh, CH; Kaufman, L; MacCall, AD; Munch, SB; Perretti, CT; Ye, H; Sugihara, G",2013,NA,1,1
"Modeling the Potential Spread of the Recently Identified Non-Native Panther Grouper (Chromileptes altivelis) in the Atlantic Using a Cellular Automaton Approach","https://doi.org/10.1371/journal.pone.0073023","Johnston, MW; Purkis, SJ",2013,0,1,1
"Inductive reasoning and forecasting of population dynamics of Cylindrospermopsis raciborskii in three sub-tropical reservoirs by evolutionary computation","https://doi.org/10.1016/j.hal.2013.09.004","Recknagel, F; Orr, PT; Cao, HQ",2014,1,1,1
"Models for identifying significant environmental factors associated with cyanobacterial bloom occurrence and for predicting cyanobacterial blooms","https://doi.org/10.1016/j.jglr.2014.02.011","Zhao, LJ; Huang, W",2014,NA,1,0
"Ambrosia pollen in Tulsa, Oklahoma: aerobiology, trends, and forecasting model development","https://doi.org/10.1016/j.anai.2014.08.019","Howard, LE; Levetin, E",2014,1,1,1
"Modeling and forecasting the distribution of Vibrio vulnificus in Chesapeake Bay","https://doi.org/10.1111/jam.12624","Jacobs, JM; Rhodes, M; Brown, CW; Hood, RR; Leight, A; Long, W; Wood, R",2014,NA,1,0
"Short-term forecasting of daily reference evapotranspiration using the Hargreaves-Samani model and temperature forecasts","https://doi.org/10.1016/j.agwat.2014.01.006","Luo, YF; Chang, XM; Peng, SZ; Khan, S; Wang, WG; Zheng, Q; Cai, XL",2014,1,1,1
"An assessment of pre- and within-season remotely sensed variables for forecasting corn and soybean yields in the United States","https://doi.org/10.1016/j.rse.2013.10.027","Johnson, DM",2014,1,1,1
"The Estimation of Regional Crop Yield Using Ensemble-Based Four-Dimensional Variational Data Assimilation","https://doi.org/10.3390/rs6042664","Jiang, ZW; Chen, ZX; Chen, J; Ren, JQ; Li, ZN; Sun, L",2014,1,1,1
"Statistical approach to the analysis of olive long-term pollen season trends in southern Spain","https://doi.org/10.1016/j.scitotenv.2013.11.142","Garcia-Mozo, H; Yaezel, L; Oteros, J; Galan, C",2014,1,1,1
"An integrated catchment-coastal modelling system for real-time water quality forecasts","https://doi.org/10.1016/j.envsoft.2014.02.006","Bedri, Z; Corkery, A; O'Sullivan, JJ; Alvarez, MX; Erichsen, AC; Deering, LA; Demeter, K; O'Hare, GMP; Meijer, WG; Masterson, B",2014,1,1,1
"Complex dynamics may limit prediction in marine fisheries","https://doi.org/10.1111/faf.12037","Glaser, SM; Fogarty, MJ; Liu, H; Altman, I; Hsieh, CH; Kaufman, L; MacCall, AD; Rosenberg, AA; Ye, H; Sugihara, G",2014,1,1,1
"A Comparison of Three Approaches to Predict Phytoplankton Biomass in Gonghu Bay of Lake Taihu","https://doi.org/10.3808/jei.201400258","Huang, JC; Gao, JF; Mooij, WM; Hormann, G; Fohrer, N",2014,1,1,1
"Application of Crop Model Data Assimilation With a Particle Filter for Estimating Regional Winter Wheat Yields","https://doi.org/10.1109/JSTARS.2014.2316012","Jiang, ZW; Chen, ZX; Chen, J; Liu, J; Ren, JQ; Li, ZN; Sun, L; Li, H",2014,NA,1,0
"Fisheries management under climate and environmental uncertainty: control rules and performance simulation","https://doi.org/10.1093/icesjms/fst057","Punt, AE; A'mar, T; Bond, NA; Butterworth, DS; de Moor, CL; Oliveira, JAA; Haltuch, MA; Hollowed, AB; Szuwalski, C",2014,NA,1,0
"A review of data assimilation of crop growth simulation based on remote sensing information",NA,"Jiang, ZW; Chen, ZX; Liu, J; Sun, L",2014,NA,0,0
"An EOF-Based Algorithm to Estimate Chlorophyll a Concentrations in Taihu Lake from MODIS Land-Band Measurements: Implications for Near Real-Time Applications and Forecasting Models","https://doi.org/10.3390/rs61110694","Qi, L; Hu, CM; Duan, HT; Barnes, BB; Ma, RH",2014,NA,1,0
"Modelling and forecasting stock-recruitment: current and future perspectives","https://doi.org/10.1093/icesjms/fsu148","Subbey, S; Devine, JA; Schaarschmidt, U; Nash, RDM",2014,NA,1,0
"On the reliability of seasonal climate forecasts","https://doi.org/10.1098/rsif.2013.1162","Weisheimer, A; Palmer, TN",2014,NA,1,0
"Using Forecast and Observed Weather Data to Assess Performance of Forecast Products in Identifying Heat Waves and Estimating Heat Wave Effects on Mortality","https://doi.org/10.1289/ehp.1306858","Zhang, K; Chen, YH; Schwartz, JD; Rood, RB; O'Neill, MS",2014,1,0,1
"Modelling hourly dissolved oxygen concentration (DO) using dynamic evolving neural-fuzzy inference system (DENFIS)-based approach: case study of Klamath River at Miller Island Boat Ramp, OR, USA","https://doi.org/10.1007/s11356-014-2842-7","Heddam, S",2014,NA,1,0
"A gradient boosting approach to the Kaggle load forecasting competition","https://doi.org/10.1016/j.ijforecast.2013.07.005","Ben Taieb, S; Hyndman, RJ",2014,1,0,1
"Subseasonal forecast skills and biases of global summer monsoons in the NCEP Climate Forecast System version 2","https://doi.org/10.1007/s00382-013-1831-8","Liu, XW; Yang, S; Li, QP; Kumar, A; Weaver, S; Liu, S",2014,NA,1,0
"Standardized phenology monitoring methods to track plant and animal activity for science and resource management applications","https://doi.org/10.1007/s00484-014-0789-5","Denny, EG; Gerst, KL; Miller-Rushing, AJ; Tierney, GL; Crimmins, TM; Enquist, CAF; Guertin, P; Rosemartin, AH; Schwartz, MD; Thomas, KA; Weltzin, JF",2014,NA,1,0
"Interannual variability of the South Pacific Ocean in observations and simulated by the NCEP Climate Forecast System, version 2","https://doi.org/10.1007/s00382-014-2148-y","Guan, YH; Huang, BH; Zhu, JS; Hu, ZZ; Kinter, JL",2014,1,0,1
"Model ensemble for the simulation of plankton community dynamics of Lake Kinneret (Israel) induced from in situ predictor variables by evolutionary computation","https://doi.org/10.1016/j.envsoft.2014.03.014","Recknagel, F; Ostrovsky, I; Cao, HQ",2014,NA,1,0
"The NCEP Climate Forecast System Version 2","https://doi.org/10.1175/JCLI-D-12-00823.1","Saha, S; Moorthi, S; Wu, XR; Wang, J; Nadiga, S; Tripp, P; Behringer, D; Hou, YT; Chuang, HY; Iredell, M; Ek, M; Meng, J; Yang, RQ; Mendez, MP; Van Den Dool, H; Zhang, Q; Wang, WQ; Chen, MY; Becker, E",2014,0,0,1
"Earlier-Season Vegetation Has Greater Temperature Sensitivity of Spring Phenology in Northern Hemisphere","https://doi.org/10.1371/journal.pone.0088178","Shen, MG; Tang, YH; Chen, J; Yang, X; Wang, C; Cui, XY; Yang, YP; Han, LJ; Li, L; Du, JH; Zhang, GX; Cong, N",2014,NA,1,0
"Phenology research for natural resource management in the United States","https://doi.org/10.1007/s00484-013-0772-6","Enquist, CAF; Kellermann, JL; Gerst, KL; Miller-Rushing, AJ",2014,NA,1,0
"The role of tropical cyclones in stimulating cyanobacterial (Microcystis spp.) blooms in hypertrophic Lake Taihu, China","https://doi.org/10.1016/j.hal.2014.09.003","Zhu, MY; Paerl, HW; Zhu, GW; Wu, TF; Li, W; Shi, K; Zhao, LL; Zhang, YL; Qin, BQ; Caruso, AM",2014,NA,1,0
"On the Seasonal Forecasting of Regional Tropical Cyclone Activity","https://doi.org/10.1175/JCLI-D-14-00158.1","Vecchi, GA; Delworth, T; Gudgel, R; Kapnick, S; Rosati, A; Wittenberg, AT; Zeng, F; Anderson, W; Balaji, V; Dixon, K; Jia, L; Kim, HS; Krishnamurthy, L; Msadek, R; Stern, WF; Underwood, SD; Villarini, G; Yang, X; Zhang, S",2014,1,0,1
"MJO prediction in the NCEP Climate Forecast System version 2","https://doi.org/10.1007/s00382-013-1806-9","Wang, WQ; Hung, MP; Weaver, SJ; Kumar, A; Fu, XH",2014,NA,1,0
"A model using marginal efficiency of investment to analyze carbon and nitrogen interactions in terrestrial ecosystems (ACONITE Version 1)","https://doi.org/10.5194/gmd-7-2015-2014","Thomas, RQ; Williams, M",2014,NA,1,0
"Probabilistic prediction of cyanobacteria abundance in a Korean reservoir using a Bayesian Poisson model","https://doi.org/10.1002/2013WR014372","Cha, Y; Park, SS; Kim, K; Byeon, M; Stow, CA",2014,NA,1,0
"Inter-annual variability influences the eco-evolutionary dynamics of range-shifting","https://doi.org/10.7717/peerj.228","Henry, RC; Bocedi, G; Dytham, C; Travis, JMJ",2014,NA,1,0
"EFFECTS OF LAND USE AND CLIMATE CHANGE ON STREAM TEMPERATURE I: DAILY FLOW AND STREAM TEMPERATURE PROJECTIONS","https://doi.org/10.1111/jawr.12179","Daraio, JA; Bales, JD",2014,0,1,1
"A model to forecast the risk periods of Plantago pollen allergy by using the ANN methodology","https://doi.org/10.1007/s10453-014-9357-z","Iglesias-Otero, MA; Fernandez-Gonzalez, M; Rodriguez-Caride, D; Astray, G; Mejuto, JC; Rodriguez-Rajo, FJ",2015,1,1,1
"Forecasting future estuarine hypoxia using a wavelet based neural network model","https://doi.org/10.1016/j.ocemod.2015.11.003","Muller, AC; Muller, DL",2015,1,1,1
"Forecasting for Recreational Fisheries Management: What's the Catch?","https://doi.org/10.1080/02755947.2015.1044628","Farmer, NA; Froeschke, JT",2015,1,1,1
"Medium Range Daily Reference Evapotranspiration Forecasting by Using ANN and Public Weather Forecasts","https://doi.org/10.1007/s11269-015-1033-8","Luo, YF; Traore, S; Lyu, XW; Wang, WG; Wang, Y; Xie, YY; Jiao, XY; Fipps, G",2015,1,1,1
"Crop Model Data Assimilation with Particle Filter for Yield Prediction Using Leaf Area Index of Different Temporal Scales",NA,"Li, H; Chen, ZX; Wu, WB; Jiang, ZW; Liu, B; Hasi, T",2015,NA,1,0
"Forecasting the Effects of Fertility Control on Overabundant Ungulates: White-Tailed Deer in the National Capital Region","https://doi.org/10.1371/journal.pone.0143122","Raiho, AM; Hooten, MB; Bates, S; Hobbs, NT",2015,1,1,1
"Modelling and forecasting the heterogeneous distribution of picocyanobacteria in the tropical Lajes Reservoir (Brazil) by evolutionary computation","https://doi.org/10.1007/s10750-014-2144-6","Recknagel, F; Branco, CWC; Cao, HQ; Huszar, VLM; Sousa, IF",2015,1,1,1
"Forecasting of chlorophyll-a concentrations in South San Francisco Bay using five different models","https://doi.org/10.1016/j.apor.2015.09.001","Rajaee, T; Boroumand, A",2015,NA,1,0
"Expected future performance of salmon abundance forecast models with varying complexity","https://doi.org/10.1139/cjfas-2014-0247","Winship, AJ; O'Farrell, MR; Satterthwaite, WH; Wells, BK; Mohr, MS",2015,1,1,1
"Equation-free mechanistic ecosystem forecasting using empirical dynamic modeling","https://doi.org/10.1073/pnas.1417063112","Ye, H; Beamish, RJ; Glaser, SM; Grant, SCH; Hsieh, CH; Richards, LJ; Schnute, JT; Sugihara, G",2015,1,1,1
"Cyanobacterial bloom management through integrated monitoring and forecasting in large shallow eutrophic Lake Taihu (China)","https://doi.org/10.1016/j.jhazmat.2015.01.047","Qin, BQ; Li, W; Zhu, GW; Zhang, YL; Wu, TF; Gao, G",2015,1,1,1
"Seasonal forecasting of tuna habitat in the Great Australian Bight","https://doi.org/10.1016/j.fishres.2015.05.008","Eveson, JP; Hobday, AJ; Hartog, JR; Spillman, CM; Rough, KM",2015,NA,1,0
"Eutrophication forecasting and management by artificial neural network: a case study at Yuqiao Reservoir in North China","https://doi.org/10.2166/hydro.2015.115","Zhang, Y; Huang, JJ; Chen, L; Qi, L",2015,1,1,1
"Quality of the Governing Temperature Variables in WRF in relation to Simulation of Primary Biological Aerosols","https://doi.org/10.1155/2015/412658","Skjoth, CA; Werner, M; Kryza, M; Adams-Groom, B; Wakeham, A; Lewis, M; Kennedy, R",2015,NA,1,0
"Coupled Data-Driven Evolutionary Algorithm for Toxic Cyanobacteria (Blue-Green Algae) Forecasting in Lake Kinneret","https://doi.org/10.1061/(ASCE)WR.1943-5452.0000451","Ostfeld, A; Tubaltzev, A; Rom, M; Kronaveter, L; Zohary, T; Gal, G",2015,NA,1,0
"Climate forcing datasets for agricultural modeling: Merged products for gap-filling and historical climate series estimation","https://doi.org/10.1016/j.agrformet.2014.09.016","Ruane, AC; Goldberg, R; Chryssanthacopoulos, J",2015,NA,0,0
"Stochastic partial differential equation based modelling of large space-time data sets","https://doi.org/10.1111/rssb.12061","Sigrist, F; Kunsch, HR; Stahel, WA",2015,1,0,1
"Combining Forecast of Electricity Price with Adaptive Weights Selected by SOM Clustering",NA,"Feng, Y",2015,1,0,1
"Benchmarking state-of-the-art classification algorithms for credit scoring: An update of research","https://doi.org/10.1016/j.ejor.2015.05.030","Lessmann, S; Baesens, B; Seow, HV; Thomas, LC",2015,NA,0,0
"The pitfalls of ecological forecasting","https://doi.org/10.1111/bij.12579","Oliver, TH; Roy, DB",2015,NA,0,0
"A comparative study of vineyard phenology and pollen metrics extracted from airborne pollen time series","https://doi.org/10.1007/s10453-014-9345-3","Cunha, M; Ribeiro, H; Costa, P; Abreu, I",2015,1,1,0
"Spatial and Temporal Patterns in the Seasonal Distribution of Toxic Cyanobacteria in Western Lake Erie from 2002-2014","https://doi.org/10.3390/toxins7051649","Wynne, TT; Stumpf, RP",2015,NA,1,0
"Building the capacity for forecasting marine biogeochemistry and ecosystems: recent advances and future developments","https://doi.org/10.1080/1755876X.2015.1022350","Gehlen, M; Barciela, R; Bertino, L; Brasseur, P; Butenschon, M; Chai, F; Crise, A; Drillet, Y; Ford, D; Lavoie, D; Lehodey, P; Perruche, C; Samuelsen, A; Simon, E",2015,NA,1,0
"A better measure of relative prediction accuracy for model selection and model estimation","https://doi.org/10.1057/jors.2014.103","Tofallis, C",2015,NA,0,0
"Improvements in the representation of the Indian summer monsoon in the NCEP climate forecast system version 2","https://doi.org/10.1007/s00382-015-2484-6","Bombardi, RJ; Schneider, EK; Marx, L; Halder, S; Singh, B; Tawfik, AB; Dirmeyer, PA; Kinter, JL",2015,1,0,1
"Online forecasting chlorophyll a concentrations by an auto-regressive integrated moving average model: Feasibilities and potentials","https://doi.org/10.1016/j.hal.2015.01.002","Chen, QW; Guan, TS; Yun, L; Li, RN; Recknagel, F",2015,NA,1,0
"Towards regional grain yield forecasting with 1 km-resolution EO biophysical products: Strengths and limitations at pan-European level","https://doi.org/10.1016/j.agrformet.2015.02.021","Lopez-Lozano, R; Duveiller, G; Seguini, L; Meroni, M; Garcia-Condado, S; Hooker, J; Leo, O; Baruth, B",2015,NA,1,0
"Temperature sensitivity of spring vegetation phenology correlates to within-spring warming speed over the Northern Hemisphere","https://doi.org/10.1016/j.ecolind.2014.11.004","Wang, C; Cao, RY; Chen, J; Rao, YH; Tang, YH",2015,NA,1,0
"Deciduous forest responses to temperature, precipitation, and drought imply complex climate change impacts","https://doi.org/10.1073/pnas.1509991112","Xie, YY; Wang, XJ; Silander, JA",2015,0,1,1
"Forecasting the Impacts of Silver and Bighead Carp on the Lake Erie Food Web","https://doi.org/10.1080/00028487.2015.1069211","Zhang, HY; Rutherford, ES; Mason, DM; Breck, JT; Wittmann, ME; Cooke, RM; Lodge, DM; Rothlisberger, JD; Zhu, XH; Johnson, TB",2016,NA,1,0
"Use of Optimally Pruned Extreme Learning Machine (OP-ELM) in Forecasting Dissolved Oxygen Concentration (DO) Several Hours in Advance: a Case Study from the Klamath River, Oregon, USA","https://doi.org/10.1007/s40710-016-0172-0","Heddam, S",2016,1,1,1
"Regional forecast model for the Olea pollen season in Extremadura (SW Spain)","https://doi.org/10.1007/s00484-016-1141-z","Fernandez-Rodriguez, S; Duran-Barroso, P; Silva-Palacios, I; Tormo-Molina, R; Maya-Manzano, JM; Gonzalo-Garijo, A",2016,1,1,1
"Vertical distribution of buoyant Microcystis blooms in a Lagrangian particle tracking model for short-term forecasts in Lake Erie","https://doi.org/10.1002/2016JC011720","Rowe, MD; Anderson, EJ; Wynne, TT; Stumpf, RP; Fanslow, DL; Kijanka, K; Vanderploeg, HA; Strickler, JR; Davis, TW",2016,1,1,1
"A framework based on hidden Markov model with adaptive weighting for microcystin forecasting and early-warning","https://doi.org/10.1016/j.dss.2016.02.003","Jiang, P; Liu, X; Zhang, J; Yuan, X",2016,1,1,1
"A model-based approach for analog spatio-temporal dynamic forecasting","https://doi.org/10.1002/env.2374","McDermott, PL; Wikle, CK",2016,1,0,1
"Analysing and forecasting fisheries time series: purse seine in Indian Ocean as a case study","https://doi.org/10.1093/icesjms/fsw131","Coro, G; Large, S; Magliozzi, C; Pagano, P",2016,1,0,1
"Temporal modelling and forecasting of the airborne pollen of Cupressaceae on the southwestern Iberian Peninsula","https://doi.org/10.1007/s00484-015-1026-6","Silva-Palacios, I; Fernandez-Rodriguez, S; Duran-Barroso, P; Tormo-Molina, R; Maya-Manzano, JM; Gonzalo-Garijo, A",2016,1,1,1
"Threshold quantification and short-term forecasting of Anabaena, Aphanizomenon and Microcystis in the polymictic eutrophic Lake Muggelsee (Germany) by inferential modelling using the hybrid evolutionary algorithm HEA","https://doi.org/10.1007/s10750-015-2442-7","Recknagel, F; Adrian, R; Kohler, J; Cao, HQ",2016,1,1,1
"A HAB warning system for shellfish harvesting in Portugal","https://doi.org/10.1016/j.hal.2015.11.017","Silva, A; Pinto, L; Rodrigues, SM; de Pablo, H; Santos, M; Moita, T; Mateus, M",2016,1,1,1
"Determination of the forecasting-model parameters by statistical analysis for development of algae warning system","https://doi.org/10.1080/19443994.2016.1190106","Lee, G; Othman, F; Ibrahim, S; Jang, M",2016,1,1,1
"Seasonal forecasting for decision support in marine fisheries and aquaculture","https://doi.org/10.1111/fog.12083","Hobday, AJ; Spillman, CM; Eveson, JP; Hartog, JR",2016,NA,1,0
"Deployment of artificial neural network for short-term forecasting of evapotranspiration using public weather forecast restricted messages","https://doi.org/10.1016/j.agwat.2015.10.009","Traore, S; Luo, YF; Fipps, G",2016,1,1,1
"Estimating wheat yield by integrating the WheatGrow and PROSAIL models","https://doi.org/10.1016/j.fcr.2016.04.014","Zhang, L; Guo, CL; Zhao, LY; Zhu, Y; Cao, WX; Tian, YC; Cheng, T; Wang, X",2016,NA,1,0
"Short-term forecasting of daily reference evapotranspiration using the Penman-Monteith model and public weather forecasts","https://doi.org/10.1016/j.agwat.2016.08.020","Yang, Y; Cui, YL; Luo, YF; Lyu, XW; Traore, S; Khan, S; Wang, WG",2016,1,1,1
"Forecast model of allergenic hazard using trends of Poaceae airborne pollen over an urban area in SW Iberian Peninsula (Europe)","https://doi.org/10.1007/s11069-016-2411-0","Fernandez-Rodriguez, S; Duran-Barroso, P; Silva-Palacios, I; Tormo-Molina, R; Maya-Manzano, JM; Gonzalo-Garijo, A",2016,1,1,1
"Assessing satellite sea surface salinity from ocean color radiometric measurements for coastal hydrodynamic model data assimilation","https://doi.org/10.1117/1.JRS.10.036003","Vogel, RL; Brown, CW",2016,NA,0,0
"Assessing the Role of Environmental Factors on Baltic Cod Recruitment, a Complex Adaptive System Emergent Property","https://doi.org/10.3389/fmars.2016.00126","Krekoukiotis, D; Palacz, AP; St John, MA",2016,NA,1,0
"Kinetic theory for aquatic animal distribution simulation","https://doi.org/10.1007/s11431-015-0690-y","Fang, HW; Dai, DC; Li, SH; He, GJ; Huang, L; Peng, WQ",2016,NA,1,0
"Reconstructing input for artificial neural networks based on embedding theory and mutual information to simulate soil pore water salinity in tidal floodplain","https://doi.org/10.1002/2014WR016875","Zheng, FW; Wan, YS; Song, K; Sun, DT; Hedgepeth, M",2016,NA,1,0
"Quercus long-term pollen season trends in the southwest of the Iberian Peninsula","https://doi.org/10.1016/j.psep.2015.11.008","Fernandez-Rodriguez, S; Duran-Barroso, P; Silva-Palacios, I; Tormo-Molina, R; Maya-Manzano, JM; Gonzalo-Garijo, A",2016,NA,1,0
"Markov chain Monte Carlo simulation using the DREAM software package: Theory, concepts, and MATLAB implementation","https://doi.org/10.1016/j.envsoft.2015.08.013","Vrugt, JA",2016,NA,0,0
"Development of a Coupled Spatiotemporal Algal Bloom Model for Coastal Areas: A Remote Sensing and Data Mining-Based Approach","https://doi.org/10.1109/JSTARS.2016.2555898","Elkadiri, R; Manche, C; Sultan, M; Al-Dousari, A; Uddin, S; Chouinard, K; Abotalib, AZ",2016,1,1,0
"Research on algae blooms forecasting based on the multivariate data driven method: a case study of the Chaohu Lake","https://doi.org/10.1088/1755-1315/46/1/012044","Xiang, B; Zhao, YC; Wang, XY; Zong, X",2016,NA,1,0
"Modeling the transport pathways of harmful algal blooms in the Iberian coast","https://doi.org/10.1016/j.hal.2015.12.001","Pinto, L; Mateus, M; Silva, A",2016,1,1,0
"Information leverage in interconnected ecosystems: Overcoming the curse of dimensionality","https://doi.org/10.1126/science.aag0863","Ye, H; Sugihara, G",2016,NA,1,0
"Prediction skill and predictability of Eurasian snow cover fraction in the NCEP Climate Forecast System version 2 reforecasts","https://doi.org/10.1002/joc.4618","He, Q; Zuo, ZY; Zhang, RH; Yang, S; Wang, WQ; Zhang, RN; Riddle, EE",2016,1,0,1
"Predicting Virtual World User Population Fluctuations with Deep Learning","https://doi.org/10.1371/journal.pone.0167153","Kim, YB; Park, N; Zhang, Q; Kim, JG; Kang, SJ; Kim, CH",2016,NA,0,1
"Detecting failure of climate predictions","https://doi.org/10.1038/NCLIMATE3041","Runge, MC; Stroeve, JC; Barrett, AP; McDonald-Madden, E",2016,NA,1,0
"Analog forecasting with dynamics-adapted kernels","https://doi.org/10.1088/0951-7715/29/9/2888","Zhao, ZZ; Giannakis, D",2016,1,0,1
"The heated condensation framework as a convective trigger in the NCEP Climate Forecast System version 2","https://doi.org/10.1002/2016MS000668","Bombardi, RJ; Tawfik, AB; Manganello, JV; Marx, L; Shin, CS; Halder, S; Schneider, EK; Dirmeyer, PA; Kinter, JL",2016,1,0,1
"Benefits and costs of controlling three allergenic alien species under climate change and dispersal scenarios in Central Europe","https://doi.org/10.1016/j.envsci.2015.10.006","Plank, L; Zak, D; Getzner, M; Follak, S; Essl, F; Dullinger, S; Kleinbauer, I; Moser, D; Gattringer, A",2016,0,1,1
"Can Recent Global Changes Explain the Dramatic Range Contraction of an Endangered Semi-Aquatic Mammal Species in the French Pyrenees?","https://doi.org/10.1371/journal.pone.0159941","Charbonnel, A; Laffaille, P; Biffi, M; Blanc, F; Maire, A; Nemoz, M; Sanchez-Perez, JM; Sauvage, S; Buisson, L",2016,0,1,1
"EVALUATING THE CONTRIBUTING ENVIRONMENTAL PARAMETERS ASSOCIATED WITH EUTROPHICATION IN A SHALLOW LAKE BY APPLYING ARTIFICIAL NEURAL NETWORKS TECHNIQUES",NA,"Hadjisolomou, E; Stefanidis, K; Papatheodorou, G; Papastergiadou, E",2017,1,1,1
"Global marine biogeochemical reanalyses assimilating two different sets of merged ocean colour products","https://doi.org/10.1016/j.rse.2017.03.040","Ford, D; Barciela, R",2017,1,1,1
"Short-term forecasting of cyanobacteria blooms in Yuqiao reservoir, China","https://doi.org/10.1051/lhb/2017015","Vincon-Leite, B; Fadel, A; Lemaire, BJ; Bonhomme, C; Li, YH; Le Divechen, G; Zhang, J; Luo, Y",2017,1,1,1
"A Case Study on a Combination NDVI Forecasting Model Based on the Entropy Weight Method","https://doi.org/10.1007/s11269-017-1692-8","Huang, SZ; Ming, B; Huang, Q; Leng, GY; Hou, BB",2017,NA,1,0
"Early warning of limit-exceeding concentrations of cyanobacteria and cyanotoxins in drinking water reservoirs by inferential modelling","https://doi.org/10.1016/j.hal.2017.09.003","Recknagel, F; Orr, PT; Bartkow, M; Swanepoel, A; Cao, HQ",2017,1,1,1
"A novel single-parameter approach for forecasting algal blooms","https://doi.org/10.1016/j.watres.2016.10.076","Xiao, X; He, JY; Huang, HM; Miller, TR; Christakos, G; Reichwaldt, ES; Ghadouani, A; Lin, SP; Xu, XH; Shi, JY",2017,1,1,1
"Forecasting the Seasonal Timing of Maine's Lobster Fishery","https://doi.org/10.3389/fmars.2017.00337","Mills, KE; Pershing, AJ; Hernandez, CM",2017,1,1,1
"Geographical variation in climatic drivers of the pine processionary moth population dynamics","https://doi.org/10.1016/j.foreco.2017.08.024","Toigo, M; Barraquand, F; Barnagaud, JY; Piou, D; Jactel, H",2017,1,1,1
"Gene-Expression Programming for Short-Term Forecasting of Daily Reference Evapotranspiration Using Public Weather Forecast Information","https://doi.org/10.1007/s11269-017-1784-5","Traore, S; Luo, YF; Fipps, G",2017,1,1,1
"Response of Microcystis and Stephanodiscus to Alternative Flow Regimes of the Regulated River Nakdong (South Korea) Quantified By Model Ensembles Based on the Hybrid Evolutionary Algorithm (HEA)","https://doi.org/10.1002/rra.3141","Recknagel, F; Kim, DK; Joo, GJ; Cao, H",2017,1,1,1
"Using machine learning to estimate atmospheric Ambrosia pollen concentrations in Tulsa, OK","https://doi.org/10.1177/1178630217699399","Liu, X; Wu, D; Zewdie, GK; Wijerante, L; Timms, CI; Riley, A; Levetin, E; Lary, DJ",2017,NA,1,0
"Numerical ragweed pollen forecasts using different source maps: a comparison for France","https://doi.org/10.1007/s00484-016-1188-x","Zink, K; Kaufmann, P; Petitpierre, B; Broennimann, O; Guisan, A; Gentilini, E; Rotach, M",2017,NA,1,0
"How well can the observed Arctic sea ice summer retreat and winter advance be represented in the NCEP Climate Forecast System version 2?","https://doi.org/10.1007/s00382-016-3417-8","Collow, TW; Wang, WQ; Kumar, A; Zhang, JL",2017,1,1,1
"Operational oil spill trajectory modelling using HF radar currents: A northwest European continental shelf case study","https://doi.org/10.1016/j.marpolbul.2017.04.010","Abascal, AJ; Sanchez, J; Chiri, H; Ferrer, MI; Cardenas, M; Gallego, A; Castanedo, S; Medina, R; Alonso-Martirena, A; Berx, B; Turrell, WR; Hughes, SL",2017,NA,0,0
"Improved Tropical Modes of Variability in the NCEP Climate Forecast System (Version 2) via a Stochastic Multicloud Model","https://doi.org/10.1175/JAS-D-17-0113.1","Goswami, BB; Khouider, B; Phani, R; Mukhopadhyay, P; Majda, AJ",2017,1,0,1
"Machine Learning Approaches for Cyanobacteria Bloom Prediction using metagenomic sequence data, a case study",NA,"Huang, JD; Zheng, HR; Wang, HY; Jiang, XP",2017,NA,1,0
"Assimilation of canopy cover and biomass measurements in the crop model AquaCrop","https://doi.org/10.1016/j.biosystemseng.2017.08.003","Linker, R; Ioslovich, I",2017,NA,1,0
"A comparison of two adaptive multivariate analysis methods (PLSR and ANN) for winter wheat yield forecasting using Landsat-8 OLI images","https://doi.org/10.1016/j.asr.2016.11.029","Chen, PF; Jing, Q",2017,NA,1,0
"Effects of a bio-invasion of the Pacific oyster, Crassostrea gigas (Thunberg, 1793) in five shallow water habitats in Scandinavia","https://doi.org/10.3391/mbi.2017.8.4.09","Mortensen, S; Bodvin, T; Strand, A; Holm, MW; Dolmer, P",2017,NA,1,0
"Climate change both facilitates and inhibits invasive plant ranges in New England","https://doi.org/10.1073/pnas.1609633114","Merow, C; Bois, ST; Allen, JM; Xie, YY; Silander, JA",2017,NA,1,1
"Modelling spatiotemporal dynamics of Pinus pinea cone infestation by Dioryctria mendacella","https://doi.org/10.1016/j.foreco.2016.12.015","Calama, R; Fortin, M; Pardos, M; Manso, R",2017,NA,1,0
"Multi-Annual Climate Predictions for Fisheries: An Assessment of Skill of Sea Surface Temperature Forecasts for Large Marine Ecosystems","https://doi.org/10.3389/fmars.2017.00201","Tommasi, D; Stock, CA; Alexander, MA; Yang, XS; Rosati, A; Vecchi, GA",2017,1,0,1
"Contemporary Remotely Sensed Data Products Refine Invasive Plants Risk Mapping in Data Poor Regions","https://doi.org/10.3389/fpls.2017.00770","Truong, TTA; Hardy, GES; Andrew, ME",2017,0,1,1
"Ensemble forecasting of Corbicula fluminea worldwide distribution: Projections of the impact of climate change","https://doi.org/10.1002/aqc.2767","Gama, M; Crespo, D; Dolbeth, M; Anastacio, PM",2017,0,1,1
"Short-term daily forecasting of crop evapotranspiration of rice using public weather forecasts","https://doi.org/10.1007/s10333-018-0633-3","Li, D; Chen, JY; Luo, YF; Liu, FP; Luo, HY; Xie, HW; Cui, YL",2018,1,1,1
"The Assimilation of Phytoplankton Functional Types for Operational Forecasting in the Northwest European Shelf","https://doi.org/10.1029/2018JC014153","Skakala, J; Ford, D; Brewin, RJW; McEwan, R; Kay, S; Taylor, B; de Mora, L; Ciavatta, S",2018,1,1,1
"Short-term forecasting of daily crop evapotranspiration using the ""K-c-ETo' approach and public weather forecasts","https://doi.org/10.1080/03650340.2017.1387778","Zhang, L; Cui, YL; Xiang, Z; Zheng, SZ; Traore, S; Luo, YF",2018,1,1,1
"Climate-driven variability in vegetation greenness over Portugal","https://doi.org/10.3354/cr01521","Costa, R; Fraga, H; Fernandes, PM; Santos, JA",2018,1,1,1
"Predicting Heat Stress to Inform Reef Management: NOAA Coral Reef Watch's 4-Month Coral Bleaching Outlook","https://doi.org/10.3389/fmars.2018.00057","Liu, G; Eakin, CM; Chen, MY; Kumar, A; De La Cour, JL; Heron, SF; Geiger, EF; Skirving, WJ; Tirak, KV; Strong, AE",2018,1,1,1
"Forecasting biodiversity in breeding birds using best practices","https://doi.org/10.7717/peerj.4278","Harris, DJ; Taylor, SD; White, EP",2018,1,1,1
"A continental system for forecasting bird migration","https://doi.org/10.1126/science.aat7526","Van Doren, BM; Horton, KG",2018,1,1,1
"FIRST FORECASTS OF AIRBORNE PLATANUS AND PINUS POLLEN IN CATALONIA, NE SPAIN: USE OF A GROUND-BASED LIDAR TO ESTIMATE THE MODEL SCORE",NA,"Sicard, M; Jorba, O; Izquierdo, R; Alarcon, M; Belmonte, J; Comeron, A; De Linares, C; Baldasano, JM",2018,NA,1,0
"Adaptive forecasting of phytoplankton communities","https://doi.org/10.1016/j.watres.2018.01.046","Page, T; Smith, PJ; Beven, KJ; Jones, ID; Elliott, JA; Maberly, SC; Mackay, EB; De Ville, M; Feuchtmayr, H",2018,1,1,1
"Statistical modelling of crop yield in Central Europe using climate data and remote sensing vegetation indices","https://doi.org/10.1016/j.agrformet.2018.06.009","Kern, A; Barcza, Z; Marjanovic, H; Arendas, T; Fodor, N; Bonis, P; Bognar, P; Lichtenberger, J",2018,1,1,1
"A new scheme to optimize irrigation depth using a numerical model of crop response to irrigation and quantitative weather forecasts","https://doi.org/10.1016/j.compag.2018.05.016","Abd El Baki, HM; Fujimaki, H; Tokumoto, I; Saito, T",2018,1,1,1
"Forecasting Responses of a Northern Peatland Carbon Cycle to Elevated CO2 and a Gradient of Experimental Warming","https://doi.org/10.1002/2017JG004040","Jiang, J; Huang, YY; Ma, S; Stacy, M; Shi, Z; Ricciuto, DM; Hanson, PJ; Luo, YQ",2018,1,1,1
"Algorithm for forecasting the total amount of airborne birch pollen from meteorological conditions of previous years","https://doi.org/10.1016/j.agrformet.2017.11.021","Tseng, YT; Kawashima, S; Kobayashi, S; Takeuchi, S; Nakamura, K",2018,1,1,1
"Cattle depredation risk by gray wolves on grazing allotments in Washington","https://doi.org/10.1016/j.gecco.2018.e00453","Hanley, ZL; Cooley, HS; Maletzke, BT; Wielgus, RB",2018,NA,1,0
"Assimilation of Ocean-Color Plankton Functional Types to Improve Marine Ecosystem Simulations","https://doi.org/10.1002/2017JC013490","Ciavatta, S; Brewin, RJW; Skakala, J; Polimene, L; de Mora, L; Artioli, Y; Allen, JI",2018,NA,1,0
"Iterative near-term ecological forecasting: Needs, opportunities, and challenges","https://doi.org/10.1073/pnas.1710231115","Dietze, MC; Fox, A; Beck-Johnson, LM; Betancourt, JL; Hooten, MB; Jarnevich, CS; Keitt, TH; Kenney, MA; Laney, CM; Larsen, LG; Loescher, HW; Lunch, CK; Pijanowski, BC; Randerson, JT; Read, EK; Tredennick, AT; Vargas, R; Weathers, KC; White, EP",2018,NA,1,0
"A model comparison algorithm for increased forecast accuracy of dengue fever incidence in Singapore and the auxiliary role of total precipitation information","https://doi.org/10.1080/09603123.2018.1496234","Koh, YM; Spindler, R; Sandgren, M; Jiang, JY",2018,0,0,0
"Early Forecasting of Rice Blast Disease Using Long Short-Term Memory Recurrent Neural Networks","https://doi.org/10.3390/su10010034","Kim, Y; Roh, JH; Kim, HY",2018,NA,1,1
"Phenological sequences: how early-season events define those that follow","https://doi.org/10.1002/ajb2.1174","Ettinger, AK; Gee, S; Wolkovich, EM",2018,NA,1,0
"Insights on multivariate updates of physical and biogeochemical ocean variables using an Ensemble Kalman Filter and an idealized model of upwelling","https://doi.org/10.1016/j.ocemod.2018.04.005","Yu, LQ; Fennel, K; Bertino, L; El Gharamti, M; Thompson, KR",2018,NA,1,0
"The M4 Competition: Results, findings, conclusion and way forward","https://doi.org/10.1016/j.ijforecast.2018.06.001","Makridakis, S; Spiliotis, E; Assimakopoulos, V",2018,1,0,1
"Evaluating statistical models to measure environmental change: A tidal turbine case study","https://doi.org/10.1016/j.ecolind.2017.09.041","Linder, HL; Horne, JK",2018,NA,1,0
"Skillful Climate Forecasts of the Tropical Indo-Pacific Ocean Using Model-Analogs","https://doi.org/10.1175/JCLI-D-17-0661.1","Ding, H; Newman, M; Alexander, MA; Wittenberg, AT",2018,1,0,1
"A dynamic agricultural prediction system for large-scale drought assessment on the Sunway TaihuLight supercomputer","https://doi.org/10.1016/j.compag.2018.07.027","Huang, X; Yu, CQ; Fang, JR; Huang, GR; Ni, SQ; Hall, J; Zorn, C; Huang, XM; Zhang, WY",2018,NA,1,0
"Streamflow Forecasting and Biodiversity","https://doi.org/10.1007/978-3-319-75919-7_16","Ionita, M; Pfeiffer, M; Frickenhaus, S",2018,1,0,1
"MultiModel Projections for Evaluating Sustainable Timber and Seed Harvest of Carapa guianensis","https://doi.org/10.5849/FS-2017-001","Klimas, CM; Cropper, WP; Kainer, KA; Wadt, LHD",2018,NA,1,1
"Opportunities and Limits of Using Meteorological Reanalysis Data for Simulating Seasonal to Sub-Daily Water Temperature Dynamics in a Large Shallow Lake","https://doi.org/10.3390/w10050594","Frassl, MA; Boehrer, B; Holtermann, PL; Hu, WP; Klingbeil, K; Peng, ZL; Zhu, JG; Rinke, K",2018,NA,1,1
"Evaluation of energy fluxes in the NCEP climate forecast system version 2.0 (CFSv2)","https://doi.org/10.1007/s00382-017-3587-z","Rai, A; Saha, SK",2018,NA,1,0
"Climate change and allergy in Australia: an innovative, high-income country, at potential risk","https://doi.org/10.17061/phrp2841828","Beggs, PJ",2018,NA,1,0
"Measurement of shock effect following change of one-child policy based on grey forecasting approach","https://doi.org/10.1108/K-05-2017-0159","Xie, NM; Wang, RZ; Chen, NL",2018,0,0,1
"Ecosystem-based forecasts of recruitment in two menhaden species","https://doi.org/10.1111/faf.12287","Deyle, E; Schueller, AM; Ye, H; Pao, GM; Sugihara, G",2018,NA,1,0
"Atmospheric teleconnection influence on North American land surface phenology","https://doi.org/10.1088/1748-9326/aaa85a","Dannenberg, MP; Wise, EK; Janko, M; Hwang, T; Smith, WK",2018,NA,1,0
"Spring Onset Predictability in the North American Multimodel Ensemble","https://doi.org/10.1029/2018JD028597","Carrillo, CM; Ault, TR; Wilks, DS",2018,1,0,1
"Combined use of agro-climatic and very high-resolution remote sensing information for crop monitoring","https://doi.org/10.1016/j.jag.2018.05.019","Ballesteros, R; Ortega, JF; Hernandez, D; del Campo, A; Moreno, MA",2018,NA,1,0
"Climate change impacts on the distribution of coastal lobsters","https://doi.org/10.1007/s00227-018-3441-9","Boavida-Portugal, J; Rosa, R; Calado, R; Pinto, M; Boavida-Portugal, I; Araujo, MB; Guilhaumon, F",2018,0,1,1
"Targeting Extreme Events: Complementing Near-Term Ecological Forecasting With Rapid Experiments and Regional Surveys","https://doi.org/10.3389/fenvs.2019.00183","Redmond, MD; Law, DJ; Field, JP; Meneses, N; Carroll, CJW; Wion, AP; Breshears, DD; Cobb, NS; Dietze, MC; Gallery, RE",2019,1,1,1
"Improving Mountain Pine Beetle Survival Predictions Using Multi-Year Temperatures Across the Western USA","https://doi.org/10.3390/f10100866","Bone, C; Nelson, MF",2019,1,1,1
"A Bayesian structural model for predicting algal blooms","https://doi.org/10.1002/for.2583","Sun, XY; Liu, T; Wang, JY",2019,1,1,1
"Performance of the MARS-crop yield forecasting system for the European Union: Assessing accuracy, in-season, and year-to-year improvements from 1993 to 2015","https://doi.org/10.1016/j.agsy.2018.06.009","van der Velde, M; Nisini, L",2019,1,1,1
"Eigenvalues of the covariance matrix as early warning signals for critical transitions in ecological systems","https://doi.org/10.1038/s41598-019-38961-5","Chen, SY; O'Dea, EB; Drake, JM; Epureanu, BI",2019,NA,1,0
"Realized ecological forecast through an interactive Ecological Platform for Assimilating Data (EcoPAD, v1.0) into models","https://doi.org/10.5194/gmd-12-1119-2019","Huang, YY; Stacy, M; Jiang, J; Sundi, N; Ma, S; Saruta, V; Jung, CG; Shi, Z; Xia, JY; Hanson, PJ; Ricciuto, D; Luo, YQ",2019,1,1,1
"On the skill of seasonal sea surface temperature forecasts in the California Current System and its connection to ENSO variability","https://doi.org/10.1007/s00382-017-3608-y","Jacox, MG; Alexander, MA; Stock, CA; Hervieux, G",2019,1,0,1
"Forecast of Daily Reference Evapotranspiration Using a Modified Daily Thornthwaite Equation and Temperature Forecasts(dagger)","https://doi.org/10.1002/ird.2309","Chang, XM; Wang, SL; Gao, ZY; Luo, YF; Chen, HR",2019,1,1,1
"Short-term forecasting of daily reference evapotranspiration using the reduced-set Penman-Monteith model and public weather forecasts","https://doi.org/10.1016/j.agwat.2018.09.036","Yang, Y; Cui, YL; Bai, KH; Luo, TY; Dai, JF; Wang, WG; Luo, YF",2019,1,1,1
"A high-resolution, integrated system for rice yield forecasting at district level","https://doi.org/10.1016/j.agsy.2018.05.007","Pagani, V; Guarneri, T; Busetto, L; Ranghetti, L; Boschetti, M; Movedi, E; Campos-Taberner, M; Garcia-Haro, FJ; Katsantonis, D; Stavrakoudis, D; Ricciardelli, E; Romano, F; Holecz, F; Collivignarelli, F; Granell, C; Casteleyn, S; Confalonieri, R",2019,1,1,1
"Ensemble models with uncertainty analysis for multi-day ahead forecasting of chlorophyll a concentration in coastal waters","https://doi.org/10.1080/19942060.2018.1553742","Shamshirband, S; Nodoushan, EJ; Adolf, JE; Manaf, AA; Mosavi, A; Chau, KW",2019,1,1,1
"An assessment of the predictability of column minimum dissolved oxygen concentrations in Chesapeake Bay using a machine learning model","https://doi.org/10.1016/j.ecss.2019.03.007","Ross, AC; Stock, CA",2019,1,1,1
"Chaos theory discloses triggers and drivers of plankton dynamics in stable environment","https://doi.org/10.1038/s41598-019-56851-8","Telesh, IV; Schubert, H; Joehnk, KD; Heerkloss, R; Schumann, R; Feike, M; Schoor, A; Skarlato, SO",2019,NA,1,0
"Deep learning and process understanding for data-driven Earth system science","https://doi.org/10.1038/s41586-019-0912-1","Reichstein, M; Camps-Valls, G; Stevens, B; Jung, M; Denzler, J; Carvalhais, N; Prabhat",2019,NA,0,0
"Hydrological modelling of karst catchment using lumped conceptual and data mining models","https://doi.org/10.1016/j.jhydrol.2019.06.036","Sezen, C; Bezak, N; Bai, Y; Sraj, M",2019,1,0,1
"Enhanced time series predictability with well-defined structures","https://doi.org/10.1007/s00704-019-02836-6","Huang, Y; Fu, ZT",2019,NA,1,0
"Drought reduces tree growing season length but increases nitrogen resorption efficiency in a Mediterranean ecosystem","https://doi.org/10.5194/bg-16-1265-2019","Lobo-do-Vale, R; Besson, CK; Caldeira, MC; Chaves, MM; Pereira, JS",2019,NA,1,0
"Behaviour, life history and persistence in novel environments","https://doi.org/10.1098/rstb.2018.0056","Maspons, J; Molowny-Horas, R; Sol, D",2019,NA,1,0
"Dynamics of spatiotemporal heterogeneity of cyanobacterial blooms in large eutrophic Lake Taihu, China","https://doi.org/10.1007/s10750-019-3883-1","Li, W; Qin, BQ",2019,NA,1,0
"Forecast Bitcoin Volatility with Least Squares Model Averaging","https://doi.org/10.3390/econometrics7030040","Xie, T",2019,1,0,1
"Improving estimates and forecasts of lake carbon dynamics using data assimilation","https://doi.org/10.1002/lom3.10302","Zwart, JA; Hararuk, O; Prairie, YT; Jones, SE; Solomon, CT",2019,NA,1,0
"Comparison of meteorological and satellite-based drought indices as yield predictors of Spanish cereals","https://doi.org/10.1016/j.agwat.2018.10.030","Garcia-Leon, D; Contreras, S; Hunink, J",2019,NA,1,0
"Assessing the Vulnerability of Aquatic Macroinvertebrates to Climate Warming in a Mountainous Watershed: Supplementing Presence-Only Data with Species Traits","https://doi.org/10.3390/w11040636","Besacier Monbertrand, AL; Timoner, P; Rahman, K; Burlando, P; Fatichi, S; Gonseth, Y; Moser, F; Castella, E; Lehmann, A",2019,NA,1,1
"Quantifying uncertainty about future antimicrobial resistance: Comparing structured expert judgment and statistical forecasting methods","https://doi.org/10.1371/journal.pone.0219190","Colson, AR; Megiddo, I; Alvarez-Uria, G; Gandra, S; Bedford, T; Morton, A; Cooke, RM; Laxminarayan, R",2019,1,0,1
"Assimilating multi-source data into a three-dimensional hydro-ecological dynamics model using Ensemble Kalman Filter","https://doi.org/10.1016/j.envsoft.2019.03.028","Chen, C; Huang, JC; Chen, QW; Zhang, JY; Li, ZJ; Lin, YQ",2019,NA,1,0
"The utilization of a GR4J model and wavelet-based artificial neural network for rainfall-runoff modelling","https://doi.org/10.2166/ws.2018.189","Sezen, C; Partal, T",2019,1,1,0
"Toward building a transparent statistical model for improving crop yield prediction: Modeling rainfed corn in the U.S","https://doi.org/10.1016/j.fcr.2019.02.005","Li, Y; Guan, KY; Yu, A; Peng, B; Zhao, L; Li, B; Peng, J",2019,NA,1,0
"Batch-processing of AquaCrop plug-in for rainfed maize using satellite derived Fractional Vegetation Cover data","https://doi.org/10.1016/j.agwat.2019.03.016","Sallah, AHM; Tychon, B; Piccard, I; Gobin, A; Van Hoolst, R; Djaby, B; Wellens, J",2019,NA,1,0
"Lidar-Derived Tree Crown Parameters: Are They New Variables Explaining Local Birch (Betula sp.) Pollen Concentrations?","https://doi.org/10.3390/f10121154","Bogawski, P; Grewling, L; Dziob, K; Sobieraj, K; Dalc, M; Dylawerska, B; Pupkowski, D; Nalej, A; Nowak, M; Szymanska, A; Kostecki, L; Nowak, MM; Jackowiak, B",2019,NA,1,0
"Predicting the Normalized Difference Vegetation Index (NDVI) by training a crop growth model with historical data","https://doi.org/10.1016/j.compag.2018.04.028","Berger, A; Ettlin, G; Quincke, C; Rodriguez-Bocca, P",2019,NA,1,0
"Vibrio parahaemolyticus in the Chesapeake Bay: Operational In Situ Prediction and Forecast Models Can Benefit from Inclusion of Lagged Water Quality Measurements","https://doi.org/10.1128/AEM.01007-19","Davis, BJK; Jacobs, JM; Zaitchik, B; DePaola, A; Curriero, FC",2019,NA,1,0
"Making Recursive Bayesian Inference Accessible","https://doi.org/10.1080/00031305.2019.1665584","Hooten, MB; Johnson, DS; Brost, BM",2019,NA,0,0
"A Simple Finite Difference-Based Approximation for Biogeochemical Tangent Linear and Adjoint Models","https://doi.org/10.1029/2018JC014283","Mattern, JP; Edwards, CA",2019,NA,1,0
"Management implications of modelling fisheries recruitment","https://doi.org/10.1016/j.fishres.2019.03.007","Plaganyi, EE; Haywood, MDE; Gorton, RJ; Siple, MC; Deng, RA",2019,NA,1,0
"Dynamical evidence for causality between Northern Hemisphere annular mode and winter surface air temperature over Northeast Asia","https://doi.org/10.1007/s00382-018-4317-x","Zhang, NN; Wang, G; Tsonis, AA",2019,1,0,1
"Herbarium specimens reveal substantial and unexpected variation in phenological sensitivity across the eastern United States","https://doi.org/10.1098/rstb.2017.0394","Park, DS; Breckheimer, I; Williams, AC; Law, E; Ellison, AM; Davis, CC",2019,NA,1,0
"Using reanalysis in crop monitoring and forecasting systems","https://doi.org/10.1016/j.agsy.2018.07.001","Toreti, A; Maiorano, A; De Sanctis, G; Webber, H; Ruane, AC; Fumagalli, D; Ceglar, A; Niemeyer, S; Zampieri, M",2019,NA,1,1
"Predicting Lake Quality for the Next Generation: Impacts of Catchment Management and Climatic Factors in a Probabilistic Model Framework","https://doi.org/10.3390/w11091767","Moe, SJ; Couture, RM; Haande, S; Solheim, AL; Jackson-Blake, L",2019,0,1,1
"Predicting the potential distribution of the Asian citrus psyllid, Diaphorina citri (Kuwayama), in China using the MaxEnt model","https://doi.org/10.7717/peerj.7323","Wang, RL; Yang, H; Luo, W; Wang, MT; Lu, XL; Huang, TT; Zhao, JP; Li, Q",2019,0,1,1
"Ensemble forecasting of the global potential distribution of the invasive Chinese mitten crab, Eriocheir sinensis","https://doi.org/10.1007/s10750-018-3749-y","Zhang, ZX; Capinha, C; Weterings, R; McLay, CL; Xi, D; Lu, HJ; Yu, LY",2019,0,1,1
"Uncertainty of Carbon Economy Using the Faustmann Model","https://doi.org/10.1561/112.00000444","Yousefpour, R; Augustynczik, ALD",2019,0,1,1
"Realistic fisheries management reforms could mitigate the impacts of climate change in most countries","https://doi.org/10.1371/journal.pone.0224347","Free, CM; Mangin, T; Molinos, JG; Ojea, E; Burden, M; Costello, C; Gaines, SD",2020,0,1,1
"Nonlinear reaction-diffusion process models improve inference for population dynamics","https://doi.org/10.1002/env.2604","Lu, XY; Williams, PJ; Hooten, MB; Powell, JA; Womble, JN; Bower, MR",2020,NA,1,0
"Unsteady Multi-Element Time Series Analysis and Prediction Based on Spatial-Temporal Attention and Error Forecast Fusion","https://doi.org/10.3390/fi12020034","Wang, XF; Xu, LY",2020,NA,1,0
"Reducing uncertainty in species management: forecasting secondary spread with expert opinion and mechanistic models","https://doi.org/10.1002/ecs2.3011","Chenery, ES; Drake, DAR; Mandrak, NE",2020,1,1,1
"Early warning of cyanobacteria blooms outbreak based on stoichiometric analysis and catastrophe theory model","https://doi.org/10.1007/s10910-019-01052-x","Wang, L; Kang, JP; Xu, JP; Zhang, HY; Wang, XY; Yu, JB; Sun, Q; Zao, ZY",2020,NA,1,0
"Projecting Flood-Inducing Precipitation with a Bayesian Analogue Model","https://doi.org/10.1007/s13253-020-00391-6","Bopp, GP; Shaby, BA; Forest, CE; Mejia, A",2020,1,0,1
"Improving expert forecasts in reliability: Application and evidence for structured elicitation protocols","https://doi.org/10.1002/qre.2596","Hemming, V; Armstrong, N; Burgman, MA; Hanea, AM",2020,NA,0,0
"ACCURACY OF AIR TEMPERATURE FORECASTS AND ITS USE FOR PREDICTION OF THE REFERENCE EVAPOTRANSPIRATION","https://doi.org/10.14393/BJ-v36n1a2020-42188","da Silva, CR; Barbosa, LA; Finzi, RR; Ribeiro, BT; Dias, ND",2020,NA,1,0
"Seasonal-to-interannual prediction of North American coastal marine ecosystems: Forecast methods, mechanisms of predictability, and priority developments","https://doi.org/10.1016/j.pocean.2020.102307","Jacox, MG; Alexander, MA; Siedlecki, S; Chen, K; Kwon, YO; Brodie, S; Ortiz, I; Tommasi, D; Widlansky, MJ; Barrie, D; Capotondi, A; Cheng, W; Di Lorenzo, E; Edwards, C; Fiechter, J; Fratantoni, P; Hazen, EL; Hermann, AJ; Kumar, A; Miller, AJ; Pirhalla, D; Buil, MP; Ray, S; Sheridan, SC; Subramanian, A; Thompson, P; Thorne, L; Annamalai, H; Aydin, K; Bograd, SJ; Griffis, RB; Kearney, K; Kim, H; Mariotti, A; Merrifield, M; Rykaczewski, R",2020,NA,1,0
"Exponentially Increasing Trend of Infected Patients with COVID-19 in Iran: A Comparison of Neural Network and ARIMA Forecasting Models",NA,"Moftakhar, L; Seif, M; Safe, MS",2020,1,0,1
"Climatic and management determinants of large herbivore production in semiarid grassland","https://doi.org/10.1016/j.agee.2019.106761","Derner, JD; Raynor, EJ; Reeves, JL; Augustine, DJ; Milchunas, DG",2020,NA,1,0
"Modeling harmful algal blooms in a changing climate","https://doi.org/10.1016/j.hal.2019.101729","Ralston, DK; Moore, SK",2020,0,1,0
"Turbulence regulation of Microcystis surface scum formation and dispersion during a cyanobacteria bloom event","https://doi.org/10.1080/20442041.2019.1637681","Hozumi, A; Ostrovsky, I; Sukenik, A; Gildor, H",2020,NA,1,0
"Incorporation of pollen data in source maps is vital for pollen dispersion models","https://doi.org/10.5194/acp-20-2099-2020","Kurganskiy, A; Skjoth, CA; Baklanov, A; Sofiev, M; Saarto, A; Severova, E; Smyshlyaev, S; Kaas, E",2020,NA,1,0
"A potential threat to amphibians in the European Natura 2000 network: Forecasting the distribution of the American bullfrog Lithobates catesbeianus","https://doi.org/10.1016/j.biocon.2020.108551","Johovic, I; Gama, M; Banha, F; Tricarico, E; Anastacio, PM",2020,0,1,1
"Spatial pattern and determinants of global invasion risk of an invasive species, sharpbelly Hemiculter leucisculus (Basilesky, 1855)","https://doi.org/10.1016/j.scitotenv.2019.134661","Dong, XH; Ju, T; Grenouillet, G; Laffaille, P; Lek, S; Liu, JS",2020,0,1,1
"Linking field survey with crop modeling to forecast maize yield in smallholder farmers' fields in Tanzania","https://doi.org/10.1007/s12571-020-01020-3","Liu, L; Basso, B",2020,1,1,1
"Comparative analysis of models integrating synoptic forecast data into potato late blight risk estimate systems","10.1016/j.compag.2007.01.011","Baker, KM; Kirk, WW",2007,1,1,1
"Use of medium-range numerical weather prediction model output to produce forecasts of streamflow","10.1175/1525-7541(2004)005<0015:UOMNWP>2.0.CO;2","Clark, MP; Hay, LE",2004,1,0,1
"EVALUATION OF POTATO LATE BLIGHT FORECASTS MODIFIED TO INCLUDE WEATHER FORECASTS - A SIMULATION ANALYSIS","10.1094/Phyto-83-103","RAPOSO, R; WILKS, DS; FRY, WE",1993,NA,1,0
"THRESHOLD RELATIVE-HUMIDITY DURATION FORECASTS FOR PLANT-DISEASE PREDICTION","10.1175/1520-0450(1991)030<0463:TRHDFF>2.0.CO;2","WILKS, DS; SHEN, KW",1991,1,1,1
