"","V1","V2","V3","V4","V5","V6","V7","V8","V9","V10","V11","V12","V13","V14","V15","V16","V17","V18","V19","V20","V21","V22","V23","V24","V25","V26","V27","V28","V29","V30","V31","V32","V33","V34","V35","V36","V37","V38","V39","V40","V41","V42","V43","V44","V45","V46","V47","V48","V49","V50","V51","V52","V53","V54","V55","V56","V57","V58","V59","V60","V61","V62","V63","V64","V65","V66"
"Title","A broadscale wind erosion model for environmental, assessment and management","A broadscale wind erosion model for environmental, assessment and management","BOTCAST - A FORECASTING SYSTEM TO TIME THE INITIAL FUNGICIDE SPRAY FOR MANAGING BOTRYTIS LEAF-BLIGHT OF ONIONS","BOTCAST - A FORECASTING SYSTEM TO TIME THE INITIAL FUNGICIDE SPRAY FOR MANAGING BOTRYTIS LEAF-BLIGHT OF ONIONS","Elucidation and short-term forecasting of microcystin concentrations in Lake Suwa (Japan) by means of artificial neural networks and evolutionary algorithms","Elucidation and short-term forecasting of microcystin concentrations in Lake Suwa (Japan) by means of artificial neural networks and evolutionary algorithms","Estimating reference evapotranspiration with the FAO Penman-Monteith equation using daily weather forecast messages","Estimating reference evapotranspiration with the FAO Penman-Monteith equation using daily weather forecast messages","EVALUATING THE CONTRIBUTING ENVIRONMENTAL PARAMETERS ASSOCIATED WITH EUTROPHICATION IN A SHALLOW LAKE BY APPLYING ARTIFICIAL NEURAL NETWORKS TECHNIQUES","EVALUATING THE CONTRIBUTING ENVIRONMENTAL PARAMETERS ASSOCIATED WITH EUTROPHICATION IN A SHALLOW LAKE BY APPLYING ARTIFICIAL NEURAL NETWORKS TECHNIQUES","Facilitating feedbacks between field measurements and ecosystem models","Facilitating feedbacks between field measurements and ecosystem models","Forecasting capelin Mallotus villosus biomass on the Newfoundland shelf","Forecasting capelin Mallotus villosus biomass on the Newfoundland shelf","Forecasting crop yield using remotely sensed vegetation indices and crop phenology metrics","Forecasting crop yield using remotely sensed vegetation indices and crop phenology metrics","Forecasting cyanobacterium Anabaena spp. in the River Murray, South Australia, using B-spline neurofuzzy models","Forecasting cyanobacterium Anabaena spp. in the River Murray, South Australia, using B-spline neurofuzzy models","Forecasting fish catches in the Songkhla Lake basin","Forecasting fish catches in the Songkhla Lake basin","Forecasting for Recreational Fisheries Management: What's the Catch?","Forecasting for Recreational Fisheries Management: What's the Catch?","FORECASTING OF REFERENCE CROP EVAPOTRANSPIRATION","FORECASTING OF REFERENCE CROP EVAPOTRANSPIRATION","Forecasting the Effects of Fertility Control on Overabundant Ungulates: White-Tailed Deer in the National Capital Region","Forecasting the Effects of Fertility Control on Overabundant Ungulates: White-Tailed Deer in the National Capital Region","Fuzzy logic modeling of the dissolved oxygen fluctuations in Golden Horn","Fuzzy logic modeling of the dissolved oxygen fluctuations in Golden Horn","Harvest models of small populations of a large carnivore using Bayesian forecasting","Harvest models of small populations of a large carnivore using Bayesian forecasting","Landscape heterogeneity is key to forecasting outcomes of plant reintroduction","Landscape heterogeneity is key to forecasting outcomes of plant reintroduction","Movement of outbreak populations of mountain pine beetle: influences of spatiotemporal patterns and climate","Movement of outbreak populations of mountain pine beetle: influences of spatiotemporal patterns and climate","Near real-time forecasting of recruitment from larval surveys: application to Alaska pollock","Near real-time forecasting of recruitment from larval surveys: application to Alaska pollock","Phosphorus and chlorophyll in the Bay of Quinte: A time-series/intervention analysis of 1972-2008 data","Phosphorus and chlorophyll in the Bay of Quinte: A time-series/intervention analysis of 1972-2008 data","Predicting Heat Stress to Inform Reef Management: NOAA Coral Reef Watch's 4-Month Coral Bleaching Outlook","Predicting Heat Stress to Inform Reef Management: NOAA Coral Reef Watch's 4-Month Coral Bleaching Outlook","Predicting the future is hard and other lessons from a population time series data science competition","Predicting the future is hard and other lessons from a population time series data science competition","Prediction of Aquaculture Water Quality Based on Combining Principal Component Analysis and Least Square Support Vector Regression","Prediction of Aquaculture Water Quality Based on Combining Principal Component Analysis and Least Square Support Vector Regression","Prediction of the livestock carrying capacity using neural network in the meadow steppe","Prediction of the livestock carrying capacity using neural network in the meadow steppe","Real-time observation, early warning and forecasting phytoplankton blooms by integrating in situ automated online sondes and hybrid evolutionary algorithms","Real-time observation, early warning and forecasting phytoplankton blooms by integrating in situ automated online sondes and hybrid evolutionary algorithms","Recruitment of striped bass in Chesapeake Bay: spatial and temporal environmental variability and availability of zooplankton prey","Recruitment of striped bass in Chesapeake Bay: spatial and temporal environmental variability and availability of zooplankton prey","Recruitment prediction for Pacific herring (Clupea pallasi) on the west coast of Vancouver Island, Canada","Recruitment prediction for Pacific herring (Clupea pallasi) on the west coast of Vancouver Island, Canada","Reducing uncertainty in species management: forecasting secondary spread with expert opinion and mechanistic models","Reducing uncertainty in species management: forecasting secondary spread with expert opinion and mechanistic models","Short-term daily forecasting of crop evapotranspiration of rice using public weather forecasts","Short-term daily forecasting of crop evapotranspiration of rice using public weather forecasts","Short-term forecasting of daily reference evapotranspiration using the Penman-Monteith model and public weather forecasts","Short-term forecasting of daily reference evapotranspiration using the Penman-Monteith model and public weather forecasts","The performance of the model AMBAV for evapotranspiration and soil moisture on Muncheberg data","The performance of the model AMBAV for evapotranspiration and soil moisture on Muncheberg data","Towards a predictive model of species interaction beta diversity","Towards a predictive model of species interaction beta diversity","Unravelling and forecasting algal population dynamics in two lakes different in morphometry and eutrophication by neural and evolutionary computation","Unravelling and forecasting algal population dynamics in two lakes different in morphometry and eutrophication by neural and evolutionary computation","USING WEATHER RECORDS WITH A FORAGE PRODUCTION-MODEL TO FORECAST RANGE FORAGE PRODUCTION","USING WEATHER RECORDS WITH A FORAGE PRODUCTION-MODEL TO FORECAST RANGE FORAGE PRODUCTION"
"PaperID","2796","2796","295...20","295","66","66","166","166","46","46","1505","1505","218","218","454","454","2695","2695","376","376","316","316","305","305","93","93","2450","2450","48","48","273","273","2164","2164","1709","1709","1701","1701","416","416","377","377","133","133","336","336","1280","1280","1966","1966","2176","2176","82","82","443","443","185","185","2308","2308","431","431","2423","2423","2934","2934"
"Reviewer","ASL","WMW","JS","WMW","NWH","RC","HLW","JS","DWH","WMW","ASL","RC","RC","WMW","NWH","WMW","ASL","RC","DWH","RC","ASL","RC","DWH","JS","ASL","NWH","DWH","HLW","NWH","RQT","HLW","JS","NWH","WMW","ASL","DWH","DWH","RPM","DWH","HLW","ASL","CCC","ASL","JS","ASL","HLW","ASL","HLW","JS","RPM","NWH","RC","ASL","HLW","HLW","NWH","RC","WMW","JS","RQT","RQT","WMW","NWH","RPM","DWH","JS"
"Authors","Lyons, WF; Munro, RK; Wood, MS; Shao, Y; Leslie, LM","Lyons, WF; Munro, RK; Wood, MS; Shao, Y; Leslie, LM","SUTTON, JC; JAMES, TDW; ROWELL, PM","SUTTON, JC; JAMES, TDW; ROWELL, PM","Chan, WS; Recknagel, F; Cao, HQ; Park, HD","Chan, WS; Recknagel, F; Cao, HQ; Park, HD","Cai, JB; Liu, Y; Lei, TW; Pereira, LS","Cai, JB; Liu, Y; Lei, TW; Pereira, LS","Hadjisolomou, E; Stefanidis, K; Papatheodorou, G; Papastergiadou, E","Hadjisolomou, E; Stefanidis, K; Papatheodorou, G; Papastergiadou, E","Lebauer, DS; Wang, D; Richter, KT; Davidson, CC; Dietze, MC","Lebauer, DS; Wang, D; Richter, KT; Davidson, CC; Dietze, MC","Lewis, KP; Buren, AD; Regular, PM; Mowbray, FK; Murphy, HM","Lewis, KP; Buren, AD; Regular, PM; Mowbray, FK; Murphy, HM","Bolton, DK; Friedl, MA","Bolton, DK; Friedl, MA","Maier, HR; Sayed, T; Lence, BJ","Maier, HR; Sayed, T; Lence, BJ","Chesoh, S; Lim, A","Chesoh, S; Lim, A","Farmer, NA; Froeschke, JT","Farmer, NA; Froeschke, JT","MARINO, MA; TRACY, JC; TAGHAVI, SA","MARINO, MA; TRACY, JC; TAGHAVI, SA","Raiho, AM; Hooten, MB; Bates, S; Hobbs, NT","Raiho, AM; Hooten, MB; Bates, S; Hobbs, NT","Altunkaynak, A; Ozger, M; Cakmakci, M","Altunkaynak, A; Ozger, M; Cakmakci, M","Andren, H; Hobbs, NT; Aronsson, M; Broseth, H; Chapron, G; Linnell, JDC; Odden, J; Persson, J; Nilsen, EB","Andren, H; Hobbs, NT; Aronsson, M; Broseth, H; Chapron, G; Linnell, JDC; Odden, J; Persson, J; Nilsen, EB","Caughlin, TT; Damschen, EI; Haddad, NM; Levey, DJ; Warneke, C; Brudvig, LA","Caughlin, TT; Damschen, EI; Haddad, NM; Levey, DJ; Warneke, C; Brudvig, LA","Aukema, BH; Carroll, AL; Zheng, Y; Zhu, J; Raffa, KF; Moore, RD; Stahl, K; Taylor, SW","Aukema, BH; Carroll, AL; Zheng, Y; Zhu, J; Raffa, KF; Moore, RD; Stahl, K; Taylor, SW","Bailey, KM; Zhang, TY; Chan, KS; Porter, SM; Dougherty, AB","Bailey, KM; Zhang, TY; Chan, KS; Porter, SM; Dougherty, AB","Nicholls, KH","Nicholls, KH","Liu, G; Eakin, CM; Chen, MY; Kumar, A; De La Cour, JL; Heron, SF; Geiger, EF; Skirving, WJ; Tirak, KV; Strong, AE","Liu, G; Eakin, CM; Chen, MY; Kumar, A; De La Cour, JL; Heron, SF; Geiger, EF; Skirving, WJ; Tirak, KV; Strong, AE","Humphries, GRW; Che-Castaldo, C; Bull, PJ; Lipstein, G; Ravia, A; Carrion, B; Bolton, T; Ganguly, A; Lynch, HJ","Humphries, GRW; Che-Castaldo, C; Bull, PJ; Lipstein, G; Ravia, A; Carrion, B; Bolton, T; Ganguly, A; Lynch, HJ","Liu, SY; Xu, LQ; Li, DL","Liu, SY; Xu, LQ; Li, DL","Wu, TS; Fu, HP; Jin, G; Wu, HF; Bai, HM","Wu, TS; Fu, HP; Jin, G; Wu, HF; Bai, HM","Ye, L; Cai, QH; Zhang, M; Tan, L","Ye, L; Cai, QH; Zhang, M; Tan, L","Martino, EJ; Houde, ED","Martino, EJ; Houde, ED","Dreyfus-Leon, M; Schweigert, J","Dreyfus-Leon, M; Schweigert, J","Chenery, ES; Drake, DAR; Mandrak, NE","Chenery, ES; Drake, DAR; Mandrak, NE","Li, D; Chen, JY; Luo, YF; Liu, FP; Luo, HY; Xie, HW; Cui, YL","Li, D; Chen, JY; Luo, YF; Liu, FP; Luo, HY; Xie, HW; Cui, YL","Yang, Y; Cui, YL; Luo, YF; Lyu, XW; Traore, S; Khan, S; Wang, WG","Yang, Y; Cui, YL; Luo, YF; Lyu, XW; Traore, S; Khan, S; Wang, WG","Friesland, H; Lopmeier, FJ","Friesland, H; Lopmeier, FJ","Graham, CH; Weinstein, BG","Graham, CH; Weinstein, BG","Recknagel, F; Cao, H; Kim, B; Takamura, N; Welk, A","Recknagel, F; Cao, H; Kim, B; Takamura, N; Welk, A","WIGHT, JR; HANSON, CL; WHITMER, D","WIGHT, JR; HANSON, CL; WHITMER, D"
"DOI",NA,NA,"https://doi.org/10.1016/0167-8809(86)90136-2","https://doi.org/10.1016/0167-8809(86)90136-2","https://doi.org/10.1016/j.watres.2007.02.001","https://doi.org/10.1016/j.watres.2007.02.001","https://doi.org/10.1016/j.agrformet.2007.04.012","https://doi.org/10.1016/j.agrformet.2007.04.012",NA,NA,"https://doi.org/10.1890/12-0137.1","https://doi.org/10.1890/12-0137.1","https://doi.org/10.3354/meps12930","https://doi.org/10.3354/meps12930","https://doi.org/10.1016/j.agrformet.2013.01.007","https://doi.org/10.1016/j.agrformet.2013.01.007","https://doi.org/10.1016/S0304-3800(01)00298-8","https://doi.org/10.1016/S0304-3800(01)00298-8","https://doi.org/10.2306/scienceasia1513-1874.2008.34.335","https://doi.org/10.2306/scienceasia1513-1874.2008.34.335","https://doi.org/10.1080/02755947.2015.1044628","https://doi.org/10.1080/02755947.2015.1044628","https://doi.org/10.1016/0378-3774(93)90022-3","https://doi.org/10.1016/0378-3774(93)90022-3","https://doi.org/10.1371/journal.pone.0143122","https://doi.org/10.1371/journal.pone.0143122","https://doi.org/10.1016/j.ecolmodel.2005.03.007","https://doi.org/10.1016/j.ecolmodel.2005.03.007","https://doi.org/10.1002/eap.2063","https://doi.org/10.1002/eap.2063","https://doi.org/10.1002/eap.1850","https://doi.org/10.1002/eap.1850","https://doi.org/10.1111/j.0906-7590.2007.05453.x","https://doi.org/10.1111/j.0906-7590.2007.05453.x","https://doi.org/10.3354/meps09614","https://doi.org/10.3354/meps09614","https://doi.org/10.1080/14634988.2012.727720","https://doi.org/10.1080/14634988.2012.727720","https://doi.org/10.3389/fmars.2018.00057","https://doi.org/10.3389/fmars.2018.00057","https://doi.org/10.1016/j.ecoinf.2018.07.004","https://doi.org/10.1016/j.ecoinf.2018.07.004","https://doi.org/10.1166/sl.2013.2860","https://doi.org/10.1166/sl.2013.2860","https://doi.org/10.1071/RJ18058","https://doi.org/10.1071/RJ18058","https://doi.org/10.1016/j.ecoinf.2014.04.001","https://doi.org/10.1016/j.ecoinf.2014.04.001","https://doi.org/10.3354/meps08586","https://doi.org/10.3354/meps08586","https://doi.org/10.1016/j.ecoinf.2008.02.003","https://doi.org/10.1016/j.ecoinf.2008.02.003","https://doi.org/10.1002/ecs2.3011","https://doi.org/10.1002/ecs2.3011","https://doi.org/10.1007/s10333-018-0633-3","https://doi.org/10.1007/s10333-018-0633-3","https://doi.org/10.1016/j.agwat.2016.08.020","https://doi.org/10.1016/j.agwat.2016.08.020","https://doi.org/10.1007/978-1-4020-4479-3_2","https://doi.org/10.1007/978-1-4020-4479-3_2","https://doi.org/10.1111/ele.13084","https://doi.org/10.1111/ele.13084","https://doi.org/10.1016/j.ecoinf.2006.02.004","https://doi.org/10.1016/j.ecoinf.2006.02.004","https://doi.org/10.2307/3898812","https://doi.org/10.2307/3898812"
"Journal",NA,"Transactions on Ecology and the Environment","Agric. Ecosyst. Environ.","Agric. Ecosyst. Environ.","Water Res.","Water Res.","Agric. For. Meteorol.","Agric. For. Meteorol.","Fresenius Environ. Bull.","Fresenius Environ. Bull.","Ecol. Monogr.","Ecol. Monogr.","Mar. Ecol.-Prog. Ser.","Mar. Ecol.-Prog. Ser.","Agric. For. Meteorol.","Agric. For. Meteorol.","Ecol. Model.","Ecol. Model.","Scienceasia","Scienceasia","North Am. J. Fish Manage.","North Am. J. Fish Manage.","Agric. Water Manage.","Agric. Water Manage.","PLoS One","PLoS One","Ecol. Model.","Ecol. Model.","Ecol. Appl.","Ecol. Appl.","Ecol. Appl.","Ecol. Appl.","Ecography","Ecography","Mar. Ecol.-Prog. Ser.","Mar. Ecol.-Prog. Ser.","Aquat. Ecosyst. Health Manag.","Aquat. Ecosyst. Health Manag.","Front. Mar. Sci.","Front. Mar. Sci.","Ecol. Inform.","Ecol. Inform.","Sens. Lett.","Sens. Lett.","Rangeland J.","Rangeland J.","Ecol. Inform.","Ecol. Inform.","Mar. Ecol.-Prog. Ser.","Mar. Ecol.-Prog. Ser.","Ecol. Inform.","Ecol. Inform.","Ecosphere","Ecosphere","Paddy Water Environ.","Paddy Water Environ.","Agric. Water Manage.","Agric. Water Manage.",NA,NA,"Ecol. Lett.","Ecol. Lett.","Ecol. Inform.","Ecol. Inform.","J. Range Manage.","J. Range Manage."
"Year","1998","1998","1986","1986","2007","2007","2007","2007","2017","2017","2013","2013","2019","2019","2013","2013","2001","2001","2008","2008","2015","2015","1993","1993","2015","2015","2005","2005","2020","2020","2019","2019","2008","2008","2012","2012","2012","2012","2018","2018","2018","2018","2013","2013","2019","2019","2014","2014","2010","2010","2008","2008","2020","2020","2018","2018","2016","2016","2007","2007","2018","2018","2006","2006","1984","1984"
"FirstComment","wind erosion of soil?? potential effects on biogeochemical cycling for sure but not necessarily specifically addressed","wind erosion of soil?? potential effects on biogeochemical cycling for sure but not necessarily specifically addressed",NA,NA,NA,NA,NA,NA,NA,NA,"I mean, it is pecan. So inherently it is forecasting, right? I would be curious to actually read the whole paper.","I mean, it is pecan. So inherently it is forecasting, right? I would be curious to actually read the whole paper.",NA,NA,NA,NA,NA,NA,NA,NA,NA,NA,NA,NA,NA,NA,NA,NA,"horizon not mentioned","horizon not mentioned",NA,NA,NA,NA,NA,NA,"forecasting is not the primary focus of the paper, but there is one section where they do forecast P concentrations ~ 8 yrs into the future","forecasting is not the primary focus of the paper, but there is one section where they do forecast P concentrations ~ 8 yrs into the future   RPM: OK - lets evaluuate this. they are looking for regime shifts (step-trends) in the bay and use a AR model to show how predictions of TP (not using forceasted data) maintain stationarity and misrepresent the post P-control time period TP concentraions. Again, they do this using already existing data and nothing forecasted or the AR term alone. So - like many things, I would argue this is not a forecast. I mean, I could do the same thing and use my 2017 ebullition TS model and then in 2018 heat up the sediments, increasing overall ebullition, and show that the AR model from 2017 does not predict ebullition well in 2018 because of this forced step-trend I initialted. So - this to me is a TS approach to show how their management intervention worked. Not a forecast, IMO. Happy to argue. Sorry - I think I am becoming a snobby eco-forecaster and I kind of hate that.",NA,NA,NA,NA,NA,NA,NA,NA,NA,NA,NA,NA,NA,NA,NA,NA,NA,NA,NA,NA,NA,"1",NA,NA,NA,"At least they are not trying to predict where a zebrea will go using averaged NDVI and calling Zebra memory... Also - the second lake is where GLEON 18 was. Also, this paper has A LOT of jargon.",NA,NA
"SecondComment","I think this is ecological","I think this is ecological","Yes, include. Retrieved via ILL","Yes, include. Retrieved via ILL","drivers don't seem to be forecasted","drivers don't seem to be forecasted","yep","yep","got paper from a research gate request. Message me if you need a copy of the pdf!","got paper from a research gate request. Message me if you need a copy of the pdf!","yes","yes","yes","yes","yes","yes","4-week forecasts","4-week forecasts","yes","yes","yes. They don't use any covariates other than observations","yes. They don't use any covariates other than observations","yes","yes","yes","yes","yep","yep","1-2 years","1-2 years","cool!","cool!","yes","yes","great","great","Agree with Nick's comment!","Agree with Nick's comment!","yep","yep","yes; annual hindcast of penguin nest count","yes; annual hindcast of penguin nest count","unavailable","unavailable","yes; I *think* they were using hindcasted drivers for at least part of the dataset although the way they describe divvying up their training/testing/forecasting period is pretty tough to follow","yes; I *think* they were using hindcasted drivers for at least part of the dataset although the way they describe divvying up their training/testing/forecasting period is pretty tough to follow","yep!","yep!","yes; hard to tell if they're using forecasted drivers, little detail on forecasting methods","yes; hard to tell if they're using forecasted drivers, little detail on forecasting methods","yes","yes","interesting. Most predictions are <10 years so I'm including it, but I would love a second opinion","interesting. Most predictions are <10 years so I'm including it, but I would love a second opinion","daily ET forecasts","daily ET forecasts","yes","yes","does forecasts 5 days out","does forecasts 5 days out","yes; annual forecast of species interactions","yes; annual forecast of species interactions","yes","yes",NA,NA
"ThirdComment","Decided wind erosion is not biogeochemical; also uses future drivers",NA,NA,NA,NA,NA,NA,NA,NA,"modeling study, but not really forecasting. dataset is randomly broken down into training and test dataset, so data are not seen sequentially. covariates include nutrient chemistry which is not forecasted although it is on a monthly lag timestep so in theory could be processed in real-time","They  use actual meteorological data to drive the model (unforcasted). And they don't actually say they are forecasting","i cannot access this paper anywhere, skipping for now","yes",NA,NA,"modeling study not forecast. they use a leave-one-year-out approach to predict, driver data are not forecasted and/or latency is too high for forecastability","I'm a bit confused because they say over and over again they are making 4 week forecasts but they use some variables that are only lagged one week. Are these one week from date the forecast is made or the date they are predicting? But I'm not sure why they would be called four week forecasts if some of the data is from the future. Leaving it in for now","yes, hindcast",NA,NA,"Lot's of questions here",NA,NA,NA,NA,NA,NA,"not sure?? ""model detrended DO time series after trend is determined by linear regression"" Hard to tell if the data is available to the model becasue they specifically say that only the 2 antecedent DO measurements are used as inputs",NA,NA,"pretty sure this is a forecast; I think the observed growth rates were only used to evaluate forecasting skill. Only used 2009 data to initialize model. Also, there are no (forecasted) drivers...",NA,NA,NA,"Actually, upon looking into this more closely, they use future drivers. This is just an out of sample modeling validation",NA,NA,"I disagree and say no.",NA,NA,"yes","This was really hard because it compared 5 very different model approaches + their ensemble (so n=6 models being compared)- I did my best here to be inclusive of all models reported but it obviously varies individually","Pretty sure this is just modeling","Abby said to skip for now","Yep","arguing that this paper is forecasting becasue the flowchart describing how the model works specifies that only the previous year of data (withing the 2000-2015 range) is given to the model to predict the next year. Don't think the model has access to the entire range of data at the time the forecast is produced","Built on 2009-2010 and also tested on 2009-2010",NA,"i don't think they are using forecasted drivers for their regression. it seems to me that its just a linear regression",NA,"This one is *barely* a forecasting paper, in my opinion. They only forecast 1 time point, and include no evaluation of that forecast. But if we're being strict in our definition of what is and isn't a forecast, I guess we should include it.","yes","Horizon is too long, no actual data used","I really don't like these types of papers in the context of forecasting. The model is the human experts that were asked to provide estimates of the probability of species establishment with ranges as their uncertainty. I'll include it for now, but am also more than happy to see this paper not on the list if we can justify it.",NA,NA,NA,NA,NA,"This paper is just a model run using observed drivers.  It mentions forecasts in the introduction but does not represent any results that resemble a forecast (i.e., no forecast horizon, etc)","This is an idea and synthesis paper that presents modeling framework.  The is a box that presents a 1-year protype that isn't really evaluated.  It is limited in its description.  I am leaning to excluding","this study is predicting species interactions. they compare multiple models but only have a 4 yr training and 1 yr test dataset so imo is only a modeling study",NA,"see comment",NA,NA
"Include_yn","0","1","1","1","1","1","1","1","0","0","0","0","1","1","1","0","1","1","1","1","1","1","1","1","1","1","1","0","1","1","1","1","1","1","0","1","0","0","1","1","1","1","0","0","1","1","1","1","0","1","1","1","0","1","1","1","1","1","1","0","0","0","1","1","1","1"
"Coauthors_nonAc",NA,"1","0","0","0","1","0","3",NA,"0",NA,NA,"5","5","0","0","0","0","1","1","2","2","1","1","2","2","0",NA,"4","4","1","2","3","3",NA,"3",NA,"0","10","10","5","5",NA,NA,"2","2","0","0","2","1","2","2","1","1","2","0","2","2","2","2","0",NA,"0","1","3","2"
"Coauthors_gov",NA,"1","0","0","0","1","0","3",NA,"0",NA,NA,"5","5","0","0","0","0","1","1","2","1","0","1","2","2","0",NA,"0","0","1","2","3","3",NA,"3",NA,"0","8","10","0","0",NA,NA,"1","1","0","0","1","1","2","2","1","1","0","0","1","0","2","2","0",NA,"0","1","3","2"
"Spat_scale",NA,"national","regional","multipoint","point","point","multipoint","regional",NA,"point",NA,NA,"regional","regional","regional",NA,"point","point","point","point","regional","regional","multipoint","multipoint","regional","multipoint","multipoint","multipoint","regional","regional","multipoint","regional","regional","regional",NA,"regional",NA,"multipoint","global","global","regional","multipoint",NA,NA,"regional","point","point","point","regional","point","point","regional","regional","point","point","point","regional","multipoint","point","point","multipoint",NA,"multipoint","multipoint","point","point"
"Coords",NA,NA,NA,"43.530036, -80.172909; 44.040753, -79.597658","36.048718, 138.087406","36.052315, 138.080937","41.57, 101.04; 40.47, 114.53; 41.08, 121.07; 41.06, 126.09; 40.49, 111.41; 38.44, 112.43; 33.02, 112.35; 25.48, 113.02",NA,NA,"39.672238, 20.889862",NA,NA,NA,NA,NA,NA,"-34.032029, 139.676764","-34.025243, 139.710220","7.190487, 100.470422","7.203771, 100.458579",NA,NA,"33.178335, -115.036160; 38.918302, -121.753082; 40.790699, -124.301152","38.544889, -121.740500; 40.576200, -124.263900; 32.978700, -115.530300","38.888951, -77.045010","38.874004, -77.026507","41.030923, 28.956868",NA,NA,"Northern Sweden and Norway","33.343642, -81.735009",NA,NA,NA,NA,NA,NA,"44.148387, -77.213363",NA,NA,"-74.003981, -139.629258","-69.574158, -63.704299",NA,NA,NA,"48.808756, 119.389549","31.119131, 110.787278","30.980696, 110.768446",NA,"39.4, -76.2","48.921149, -125.541133",NA,NA,"46.278821, -84.674746","28.450000, 115.883333","28.45, 115.883",NA,"34.848973, 119.117153; 25.223419, 110.183598; 34.791279, 114.328525; 38.537982, 106.178009; 45.751395, 126.651325; 30.545347, 114.318187","52.506900, 14.128200",NA,"-0.118000, -78.612000",NA,"36.042324, 140.374771; 37.941965, 127.887931","36.027147, 140.393126 & 37.890058, 127.711737","47.716093, -104.159117","47.706407, -104.215081"
"Ecosystem",NA,"grassland","agricultural","agricultural","freshwater","freshwater","agricultural","other",NA,"freshwater",NA,NA,"marine","marine","agricultural",NA,"freshwater","freshwater","freshwater","freshwater","marine","marine","agricultural","agricultural","forest","forest","marine",NA,"forest","forest","forest","forest","forest","forest",NA,"marine",NA,"freshwater","marine","marine","tundra","other: Antarctic (technically a desert? or tundra?)",NA,NA,"agricultural","grassland","freshwater","freshwater","marine","marine","marine","marine","freshwater","freshwater","agricultural","agricultural","atmosphere","agricultural","agricultural","agricultural","forest",NA,"freshwater","freshwater","grassland","agricultural"
"Class",NA,"biogeochemical","organismal","organismal","organismal","both","biogeochemical","biogeochemical",NA,"organismal",NA,NA,"organismal","organismal","organismal",NA,"both","organismal","organismal","organismal","organismal","organismal","biogeochemical","biogeochemical","organismal","organismal","biogeochemical",NA,"organismal","organismal","both","organismal","organismal","organismal",NA,"organismal",NA,"biogeochemical","organismal","biogeochemical","organismal","organismal",NA,NA,"organismal","organismal","organismal","organismal","organismal","organismal","organismal","organismal","organismal","organismal","biogeochemical","organismal","biogeochemical","biogeochemical","organismal","biogeochemical","organismal",NA,"organismal","both","organismal",NA
"Vars_n",NA,"1","1","1","1","1","1","3",NA,"1",NA,NA,"1","1","2",NA,"1","1","1","1","4","4","1","1","1","1","1","1","1","1","1","1","1","1",NA,"1",NA,"1","1","1","2","3",NA,NA,"2","2","1","1","1","1","1","1","60","60","1","1","1","1","5",NA,"2",NA,"1","4","1","1"
"Vars_ident",NA,"dust due to wind erosion","number of lesions","cumulative disease severity index","microcystin concentration","cyanobacteria","Evapotranspiration","sunshine duration, wind speed, reference evapotranspiration",NA,"chl-a",NA,NA,"capelin fish stock","fish biomass","maize crop yield, soybean crop yield",NA,"anabena","cyanobacteria (Anabaena spp.)","fish catch","fish catches","landings for 4 types of fish","fish stocks","crop evapotranspiration","reference crop evapotranspiration","deer populations","whitetail deer population density","dissolved oxygen","DO concentrations","number of lynx family groups","lynx population size","plant growth","population growth rate","presence of mountain pine beetle red attack","risk of outbreak",NA,"alaskan pollock recruitment",NA,"TP","coral bleaching","coral bleaching probability","antarctic penguin abundance and density","abundance of 3 penguin species",NA,NA,"NDVI, precipitation, livestock carrying capacity","livestock carrying capacity and NDVI","Chl-a","chlorophyll a","geometric mean of number of age 0 juvenile striped sea bass","Juvenile striped bass","herring population recruitment","pacific herring","establishment potential for invasive species","different species establishment","ET","crop evapotranspiration","ET","evapotranspiration","precipitation, soil water content, actual evapotranspiration, LAI, root depth",NA,"interaction links, connectance",NA,"Microcystis, Cyclotella, Anabaena, Asterionella","Micocystis, Cyclotella, Anabaena, and Asterionella","forage production","yield index"
"Model_dim",NA,"UNK","0D","0D","0D","0D","1D","0D",NA,"0D",NA,NA,"0D","0D","0D",NA,"0D","0D","0D","0D","0D","0D","0D","0D","0D","0D","0D",NA,"0D","0D","0D","2D","2D","0D",NA,"0D",NA,"0D","3D","2D","0D","0D",NA,NA,"0D","0D","0D","0D","0D","0D","0D","0D","0D","0D","0D","0D","0D","0D","0D",NA,"0",NA,"0D","0D","0D","0D"
"Model_type",NA,"process-based","empirical","empirical","empirical","empirical","process-based","process-based",NA,"empirical",NA,NA,"empirical","empirical","empirical",NA,"empirical","empirical","empirical","empirical","empirical","empirical","empirical","empirical","process-based","process-based","empirical","empirical","process-based","process-based","process-based","empirical","empirical","empirical",NA,"empirical",NA,"empirical","process-based","process-based","both","empirical",NA,NA,"process-based","empirical","empirical","process-based","empirical","empirical","empirical","empirical","process-based","process-based","process-based","empirical","process-based","process-based","process-based",NA,"empirical",NA,"empirical","empirical","process-based","process-based"
"Model_desc",NA,NA,"regression",NA,"hybrid evolutionary algorithm","ANN and evolutionary algorithms (EA)",NA,"penman montieth equation",NA,"ANN",NA,NA,"bayesian hierarchical","Bayesian","linear regression",NA,"B-spline neurofuzzy","neural network",NA,"linear regression","GAM, GLM, SARIMA","three statistical models (GLM, GAM, SARIMA)",NA,"yearly differenced, monthly averaged, and time domain-time time series","Bayesian hierarchical model","Bayesian hierarchical","ARMA and fuzzy logic",NA,"Bayesian state-space","Bayesian","integral projection models developed with generalized linear mixed-effects models","bayesian hierarchical model. note: they compared a number of models, but 2 of them were spatial (2d)","spatial-temporal autologistic regression model","autoregressive logistic regression",NA,NA,NA,"ARIMA/intervention","CFSv2",NA,"Forecasting competition: paper describes 4 winners, an expert model, and an ensemble model","This involved 5 different model approaches that are all very different + 1 ensemble of the n=5 models. Models included random forest, standard AR time series modeling, weighted time series modeling, Bayesian time series modeling.",NA,NA,"BPNN","back propogation neural network","IF THEN ELSE","hybrid evolutionary algorithms","striped sea bass","Regression","genetic algorithm",NA,"expert based model","human",NA,"Hargreaves-samani, Penman-Montieth","Penman-Monteith","Penman-Monteith","AMBAV",NA,"Bayesian",NA,"recurrent supervised ANN, hybrid EA","machine learning","ERHYM","ERHYM (Wight and Neff 1983)"
"Covariate_classes",NA,"meteorological, biological (NDVI), physical (soil characteristics)","meteorological, physical","meteorological","physical, chemical, meteorological, biological","physical, chemical, meteorological","Meteorological","meteorological",NA,"chemical, physical",NA,NA,"physical (sea ice), biological","physical, biological","physical, biological",NA,"Physical","physical, chemical","biological, physical, meteorological","meteorological",NA,"just observation","meteorological, physical","biological",NA,"biological","chemical",NA,"biological","none","physical","physical, biological","meteorological, physical, biological","biological, meteorological",NA,"meteorological, physical, biological",NA,NA,"meterological, physical, biological","Physical","Physical, biological","Physical, biological",NA,NA,"Meteorological, biological","meteorological","Meteorological, chemical, physical, biological","physical, chemical, meteorological","physical, meteorological","Spring Flow and Spring temperature","biological,physical, chemical","metorological",NA,"UNK","Meteorological","meteorological","meteorological","meteorological","meteorological",NA,"physical, meterological",NA,"physical, chemical, biological","physical and chemical","meteorlogical, physical","meteorological"
"Random_effects_yn",NA,"0","0","0","0","0","0","0",NA,"0",NA,NA,"0","0","0",NA,"0","0","0","0","0","0","0","0","0","1","0",NA,"1","1","1","1","0","0",NA,"0",NA,NA,"0","0","1","1",NA,NA,"0","0","0","0","0","0","1","0","0","0","0","0","0","0","0",NA,"1",NA,"0","1","0","0"
"Latent_vars_yn",NA,"0","0","0","0","0","0","0",NA,"0",NA,NA,"0","0","0",NA,"0","0","0","0","0","0","0","0","1","1","0",NA,"1","1","0","0","0","0",NA,"0",NA,NA,"0","0","0","0",NA,NA,"0","0","0","0","0","0","0","0","0","0","0","0","0","0","0",NA,"1",NA,"0","0","0","0"
"Ens_within_model_yn",NA,"0","0","0","0","0","0","0",NA,"0",NA,NA,"0","0","0",NA,"0","0","0","0","0","0","0","0","0","0","0",NA,"0","1","0","0","0","0",NA,"1",NA,NA,"1","1","0","1",NA,NA,"0","0","0","0","0","0","0","0","1","0","0","1","0","0","0",NA,NA,NA,"0","0","0","1"
"Ens_members_n",NA,NA,NA,NA,NA,NA,NA,NA,NA,NA,NA,NA,NA,NA,NA,NA,NA,NA,NA,NA,NA,NA,NA,NA,NA,NA,NA,NA,NA,"100,000",NA,NA,NA,NA,NA,"10000",NA,NA,"16","28-112",NA,"5",NA,NA,NA,NA,NA,NA,NA,NA,NA,NA,"1-10",NA,NA,"2",NA,NA,NA,NA,NA,NA,NA,NA,NA,"55"
"Ens_of_models_yn",NA,"0","0","0","0","1","0","0",NA,"0",NA,NA,"1","0","0",NA,"0","1","0","0","UNK","1","0","0","0","0","0",NA,"0","0","1","0","0","0",NA,"0",NA,NA,"0","0","1","1",NA,NA,"0","1","0","1","0","0","0","0","0","0","0","0","0","0","0",NA,"0",NA,"0","1","0","0"
"Models_n",NA,"1","1","1","1","2","1","1",NA,"1",NA,NA,"7","1","1",NA,"1","1","1","1","UNk","3","1","1","1","1","1",NA,"1","0","1","1","1","1",NA,"1",NA,NA,"1","1","5","5",NA,NA,"1","2","1","5","1","1","1","1","1","1","1","1","1","1","1",NA,"1",NA,"1","3","1","1"
"Multiple_approaches_yn",NA,"0","0","0","1","1","1","0",NA,"0",NA,NA,"1","0","1",NA,"1","1","0","0","1","1","1","1","0","0","1",NA,"0","0","0","1","0","0",NA,"0",NA,NA,"0","1","1","1",NA,NA,"0","0","0","1","0","0","0","0","0","0","1","1","0","0","0",NA,"1",NA,"1","1","0","0"
"Approach_n",NA,"1","1","1","2","2","3","1",NA,"1",NA,NA,"3","1","18",NA,"8","8","1","1","3","3","3","3","1","1","2",NA,"1","0","4","4","1","1",NA,"1",NA,NA,"1","2","10","6",NA,NA,"1","1","1","2","1","1","1","1","1","1","2","2","1","1","1",NA,"3",NA,"2","2","1","1"
"Null_yn",NA,"0","0","0","0","0","0","0",NA,"0",NA,NA,"0","0","0",NA,"0","0","0","0","1","0","0","0","0","0","0",NA,"0","0","0","1","0","0",NA,"0",NA,NA,"0","0","0","1",NA,NA,"0","0","0","0","0","0","0","0","0","0","1","0","0","0","0",NA,"1",NA,"0","0","0","0"
"Null_n",NA,"0","0","0","0","0","0","0",NA,"0",NA,NA,"0","0","0",NA,"0","0","0","0","1","0","0","0","0","0","0",NA,"0","0","0","1","0","0",NA,"0",NA,NA,"0","0","0","1",NA,NA,"0","0","0","0","0","0","0","0","0","0","1","0","0","0","0",NA,"1",NA,"0","0","0","0"
"Null_type",NA,NA,NA,NA,NA,NA,NA,NA,NA,NA,NA,NA,NA,NA,NA,NA,NA,NA,NA,NA,"last year",NA,NA,NA,NA,NA,NA,NA,NA,"0",NA,"intercept only",NA,NA,NA,NA,NA,NA,NA,NA,NA,"domain expert model",NA,NA,NA,NA,NA,NA,NA,NA,NA,NA,NA,NA,"standard method for ET calculation",NA,NA,NA,NA,NA,"random",NA,NA,NA,NA,NA
"Horiz_days",NA,"60",NA,"1","3","3","3650","5475",NA,"30",NA,NA,"365","365","120",NA,"28","28","365","30","365","4380, 2555, 1460","30","720 - 1800 (sites had different amounts of data)","1460","1460","365",NA,"730","730","2190","2190","1095","1095",NA,"1825",NA,NA,"270","120","1095","UNK",NA,NA,"365","365","7","7","1095","365","365","1095","7300","UNK","7","7","7","7","1004",NA,"UNK",NA,"7","7","105","Varies between 15 and 105, see description"
"Time_step_days",NA,"1",NA,"1","1","1","1","1",NA,"30",NA,NA,"365","365","5",NA,"28","7","30","30","61","1","30","30","365","365","30",NA,"365","365","365","365","365","365",NA,"365",NA,NA,"7","1","365","UNK",NA,NA,"365","365","1","1","365","365","365","365",NA,"UNK","1","1","1","1","1",NA,"UNK",NA,"1","1","105","1"
"How_often_days",NA,NA,NA,"1",NA,NA,NA,NA,NA,"30",NA,NA,NA,NA,NA,NA,"7","28",NA,NA,"61",NA,"365",NA,NA,NA,NA,NA,NA,"1",NA,NA,NA,NA,NA,NA,NA,NA,"0.0625","1",NA,NA,NA,NA,"365",NA,"1",NA,NA,"365",NA,NA,NA,NA,NA,NA,NA,"1",NA,NA,NA,NA,NA,"1","30","30"
"Spat_step",NA,"2500",NA,NA,NA,NA,NA,NA,NA,NA,NA,NA,NA,NA,NA,NA,NA,NA,NA,NA,NA,NA,NA,NA,NA,NA,NA,NA,NA,NA,"UNK","varies, but generally 100x100m grids","4 km","144",NA,NA,NA,NA,"0.25-0.5Â° for surface, 10-500m for ocean depth","0.25-0.5 degree grid cells",NA,"For multiple islands with nests of penguins",NA,NA,NA,NA,NA,NA,NA,"Cheapeake bay",NA,"unk",NA,NA,NA,NA,NA,NA,NA,NA,NA,NA,NA,NA,NA,NA
"Training_yn",NA,"0",NA,"0","1","1","0","0",NA,"1",NA,NA,"1","1","1",NA,"1","1","1","1","1","0","1","1","1","1","1",NA,"1","1","0","0","1","1",NA,"1",NA,NA,"1","0","1","1",NA,NA,"1","1","1","1","0","1","1","1","0","1","0","1","1","0","1",NA,"1",NA,"1","Lake Kasumigaura = 1984 to 1985 and 1987 to 1993. Lake Soyang = 1990 to 1996 and 1998 to 2000.","1","0"
"Iterative_yn",NA,"0",NA,"1","0","0","0","0",NA,"0",NA,NA,"0","0","0",NA,"1","0","0","0","0","0","1","0","0","0","0",NA,"0","0","0","0","0","0",NA,"0",NA,NA,"1","1","0","0",NA,NA,"0","1","1","0","0","0","0","0","0","0","0","0","0","0","0",NA,"0",NA,"0","1","1","1"
"DA_type",NA,NA,NA,"refit",NA,NA,NA,NA,NA,NA,NA,NA,NA,NA,NA,NA,"update IC",NA,NA,NA,NA,NA,"update IC",NA,NA,NA,NA,NA,NA,NA,NA,NA,NA,NA,NA,NA,NA,NA,"update IC","UNK",NA,NA,NA,NA,NA,"back propagation to adjust weights","update IC",NA,NA,NA,NA,NA,NA,NA,NA,NA,NA,NA,NA,NA,NA,NA,NA,"ANN?","update IC","update IC"
"DA_latency_days",NA,"UNK",NA,"1",NA,NA,NA,NA,NA,NA,NA,NA,NA,NA,NA,NA,"7",NA,NA,NA,NA,NA,"365",NA,NA,NA,NA,NA,NA,NA,NA,NA,NA,NA,NA,NA,NA,NA,"UNK","1",NA,NA,NA,NA,NA,"UNK","1",NA,NA,NA,NA,NA,NA,NA,NA,NA,NA,NA,NA,NA,NA,NA,NA,"unspecified","unspecified",NA
"Uncert_category",NA,"no",NA,"no","no","no","no","no",NA,"no",NA,NA,"contains","contains","no",NA,"no","no","contains","no","contains","no","no","contains","propagates","data_driven","no",NA,"data_driven","propagates","propagates","propagates","no","no",NA,"contains",NA,NA,"no","no","no","contains",NA,NA,"no","no","no","no","contains","no","contains","no","data_driven","contains","no","no","no","no","no",NA,"no",NA,"no","no","no","contains"
"Uncert_technique",NA,NA,NA,NA,NA,NA,NA,NA,NA,NA,NA,NA,NA,NA,NA,NA,NA,NA,NA,NA,NA,NA,NA,NA,"analytic",NA,NA,NA,NA,"ensemble-based","analytic","ensemble-based",NA,NA,NA,NA,NA,NA,NA,NA,NA,NA,NA,NA,NA,NA,NA,NA,NA,NA,NA,NA,NA,NA,NA,NA,NA,NA,NA,NA,NA,NA,NA,NA,NA,NA
"Uncert_source",NA,NA,NA,NA,NA,NA,NA,NA,NA,NA,NA,NA,"model","UNK",NA,NA,NA,NA,"parameter",NA,"No idea",NA,NA,"observational","Observation, parameter, process","process, parameter, IC, observational",NA,NA,"process, observational, initial conditions, parameter","parameter, process, initial condition","parameter, process error","observation, process, parameter",NA,NA,NA,"not specified",NA,NA,NA,NA,NA,"observation error",NA,NA,NA,NA,NA,NA,"observation",NA,"Not specified",NA,"parameter","expert estimates of range of certainty?",NA,NA,NA,NA,NA,NA,NA,NA,NA,NA,NA,"observation, meteorological data (through ensembles)"
"Uncert_obs_yn",NA,"0",NA,"0","0","0","0","0",NA,"0",NA,NA,"1","0","0",NA,"0","0","0","0","0","0","0","1","1","1","0",NA,"1","1","0","1","0","0",NA,"0",NA,NA,"0","0","0","1",NA,NA,"0","0","0","0","1","0","0","0","0","0","0","0","0","0","0",NA,"0",NA,"0","0","0","1"
"Uncert_partition_yn",NA,"0",NA,"0","0","0","0","0",NA,"0",NA,NA,"0","0","0",NA,"0","0","0","0","0","0","0","0","0","0","0",NA,"0","0","1","1","0","0",NA,"0",NA,NA,"0","0","0","0",NA,NA,"0","0","0","0","0","0","0","0","0","0","0","0","0","0","0",NA,"0",NA,"0","0","0","0"
"Uncert_ic_yn",NA,"0",NA,"0","0","0","0","0",NA,"0",NA,NA,"0","0","0",NA,"0","0","0","0","0","0","0","0","0","0","0",NA,"0","0","1","0","0","0",NA,"0",NA,NA,"0","0","0","0",NA,NA,"0","0","0","0","0","0","0","0","0","0","0","0","0","0","0",NA,"0",NA,"0","0","0","0"
"Uncert_driver_yn",NA,"0",NA,"0","0","0","0","0",NA,"0",NA,NA,"0","0","0",NA,"0","0","0","0","0","0","0","0","0","0","0",NA,"0","0","0","0","0","0",NA,"0",NA,NA,"0","0","0","0",NA,NA,"0","0","0","0","0","0","0","0","0","0","0","0","0","0","0",NA,"0",NA,"0","0","0","0"
"Uncert_param_yn",NA,"0",NA,"0","0","0","0","0",NA,"0",NA,NA,"0","0","0",NA,"0","0","0","0","0","0","0","0","0","0","0",NA,"0","0","1","1","0","0",NA,"0",NA,NA,"0","0","0","0",NA,NA,"0","0","0","0","0","0","0","0","0","0","0","0","0","0","0",NA,"0",NA,"0","0","0","0"
"Uncert_process_yn",NA,"0",NA,"0","0","0","0","0",NA,"0",NA,NA,"0","0","0",NA,"0","0","0","0","0","0","0","0","0","0","0",NA,"0","0","1","1","0","0",NA,"0",NA,NA,"0","0","0","0",NA,NA,"0","0","0","0","0","0","0","0","0","0","0","0","0","0","0",NA,"0",NA,"0","0","0","0"
"Uncert_other_yn",NA,NA,NA,NA,NA,NA,NA,NA,NA,NA,NA,NA,NA,NA,NA,NA,NA,NA,NA,NA,NA,NA,NA,NA,NA,NA,NA,NA,NA,"0",NA,NA,NA,NA,NA,NA,NA,NA,NA,NA,NA,NA,NA,NA,NA,NA,NA,NA,NA,NA,NA,NA,NA,NA,NA,NA,NA,NA,NA,NA,NA,NA,NA,NA,NA,NA
"Uncert_dom",NA,NA,NA,NA,NA,NA,NA,NA,NA,NA,NA,NA,NA,NA,NA,NA,NA,NA,NA,NA,NA,NA,NA,NA,NA,NA,NA,NA,NA,NA,"Initial conditions","process + parameter",NA,NA,NA,NA,NA,NA,NA,NA,NA,NA,NA,NA,NA,NA,NA,NA,NA,NA,NA,NA,NA,NA,NA,NA,NA,NA,NA,NA,NA,NA,NA,NA,NA,NA
"Uncert_describe",NA,NA,NA,NA,NA,NA,NA,NA,NA,NA,NA,NA,NA,NA,NA,NA,NA,NA,NA,NA,NA,NA,NA,NA,NA,NA,NA,NA,NA,"0",NA,NA,NA,NA,NA,NA,NA,NA,NA,NA,NA,NA,NA,NA,NA,NA,NA,NA,NA,NA,NA,NA,NA,NA,NA,NA,NA,NA,NA,NA,NA,NA,NA,NA,NA,NA
"Scenarios_yn",NA,"0",NA,"0","0","0","0","0",NA,"0",NA,NA,"0","0","0",NA,"0","0","0","0","0","1","0","0","1","1","0",NA,"1","1","0","0","0","0",NA,"0",NA,NA,"0","0","0","0",NA,NA,"0","0","0","0","0","0","0","0","0","0","0","0","0","0","1",NA,"0",NA,"0","0","0","0"
"Scenarios_n",NA,NA,NA,NA,NA,NA,NA,NA,NA,NA,NA,NA,NA,NA,NA,NA,NA,NA,NA,NA,NA,"12",NA,NA,"12","16",NA,NA,"4","4",NA,NA,NA,NA,NA,NA,NA,NA,NA,NA,NA,NA,NA,NA,NA,NA,NA,NA,NA,"0",NA,NA,NA,NA,NA,NA,NA,NA,"2",NA,NA,NA,NA,NA,NA,NA
"Forecast_eval",NA,"0",NA,"1","1","1","1","1",NA,"1",NA,NA,"1","0","1",NA,"1","1","1","0","1","1","1","1","0","1","1",NA,"1","0","1","1","1","1",NA,"0",NA,NA,"1","1","1","1",NA,NA,"1","1","1","1","1","1","0","1","0","0","1","1","1","1","0",NA,"1",NA,"1","1","1","1"
"Forecast_eval_shown",NA,NA,NA,"1","1","1","1","1",NA,"1",NA,NA,"1",NA,"1",NA,"0","1","1","0","1","1","1","1","0","1","1",NA,"1","0","1","1","1","1",NA,NA,NA,NA,"1","0","0","1",NA,NA,"1","1","1","1","1","0",NA,"error and success?","0",NA,"1","1","1","1",NA,NA,"1",NA,"1","1","1","0"
"Eval_metrics",NA,NA,NA,"R2","R2, RMSE","R2, RMSE","RMSE, relative error, coefficient of determination, Willmott index of agreement, coefficient of regression","rmse, relative error, r2, wilmott index of agreement",NA,"RMSE, MAE, r",NA,NA,"DIC, MSE, R2, SD",NA,"RMSE, R2",NA,"visually inspecting graph","AIC, BIC","% error",NA,"ME","R2, ME, TE","squared error, average error, average percent error, maximum absolute error","squared error, average error, average percent error, maximum absolute error",NA,"Bayesian P-value, Bayesian Credible Interval","relative percent error",NA,"Bayesian P values, Bayesian credible intervals","na","pearson's r, MAE, bias","mean absolute error","predictive accuracy (% of correct predictions)","percent accuracy",NA,NA,NA,NA,"RMSE, r","correlation, RMSE","AMAPE","adjusted mean absolute percentage error (MAPE)",NA,NA,"MAE, RMSE, percent difference","MAE, difference, RMSE","NSE, R2","NSE, R2","R2","R2",NA,"UNK",NA,NA,"MAE, correlation coefficient, RMSE","MAE, RMSE, R","RMSE, MAE, R","% accuracy, MAE, RMSE, r",NA,NA,"prediction accuracy",NA,"R2, MSE","R2","standard deviation",NA
"Eval_mult_horiz_yn",NA,"0",NA,"0","0","0","0","1",NA,"0",NA,NA,"0","0","0",NA,"0","1","0","0","0","1","0","0","0","0","0",NA,"1","0","1","0","0","1",NA,"0",NA,NA,"0","0","0","0",NA,NA,"0","1","1","1","0","0","0","0","0",NA,"1","1","1","1","0",NA,"0",NA,"0","0","1","0"
"Cycles_eval_n",NA,"0",NA,"700","51","2","1","5475",NA,NA,NA,NA,"1","0","6",NA,"0","2","12","12","1","3","155","60","0","1","12",NA,"1","0","2","24 (6 each for 4 models)","3","1",NA,NA,NA,NA,"208","0","0","1095",NA,NA,"3","0","730","7","3","3","8","1","0",NA,"3","156","4","730",NA,NA,"0",NA,"52","52","12","4"
"Cycles_total_n",NA,"60",NA,"700","51","2","1","10950",NA,NA,NA,NA,"2","1","6",NA,"40","8","12","12","1","16","155","120","1","1","12",NA,"1","1","2","24","3","1",NA,"5",NA,NA,"364","5","3","1095",NA,NA,"3","5","730","7","3","3","9","1","1",NA,"24","156","5110","730",NA,NA,"1",NA,"52","52","12",NA
"Forecast_horiz_null_days",NA,NA,NA,NA,NA,NA,NA,NA,NA,NA,NA,NA,NA,NA,NA,NA,NA,NA,NA,NA,NA,NA,NA,NA,NA,NA,NA,NA,NA,NA,NA,"UNK",NA,NA,NA,NA,NA,NA,NA,NA,NA,NA,NA,NA,NA,NA,NA,NA,NA,NA,NA,NA,NA,NA,NA,NA,NA,"UNK",NA,NA,NA,NA,NA,NA,NA,NA
"Driver_lat_max_days",NA,"UNK",NA,"1","UNK","UNK","UNK","UNK",NA,NA,NA,NA,"UNK (acoustic survey)","UNK","UNK",NA,"7","unk","UNK","UNK","UNK","UNK","365",NA,"365","UNK","30",NA,"730","365","UNK","UNK","UNK","UNK",NA,"365",NA,NA,"UNK","1",NA,"UNK",NA,NA,"UNK","UNK","1","1","UNK","UNK","UNK","UNK",NA,NA,"1","UNK","UNK","1","UNK",NA,"unk",NA,"UNK","UNK","UNK","UNK"
"Driver_lat_min_days",NA,"UNK",NA,"1","UNK","UNK","UNK","UNK",NA,NA,NA,NA,"UNK (acoustic survey)","UNK","UNK",NA,"7","unk","UNK","UNK","UNK","UNK","365",NA,"365","UNK","30",NA,"365","365","UNK","UNK","UNK","UNK",NA,"0.5",NA,NA,"1","1",NA,"UNK",NA,NA,"UNK","30","1","0.0035","UNK","UNK","UNK","UNK",NA,NA,"1","UNK","UNK","1","UNK",NA,"unk",NA,"UNK","UNK","UNK","UNK"
"Data_coverage",NA,"60",NA,"UNK","4380","4015","5475","5475",NA,NA,NA,NA,"730","9490","2190",NA,"2920","365","10950","10585","4745","9490","2920","4745","4745","4745","1095","1460","8030","7300","2190","2190","5475","5110",NA,"10220",NA,NA,"7665","7300","11680","12775",NA,NA,"18250","20075","730","730","7300","8395","18980","16060","0",NA,"5475","5475","730","730","2190",NA,"1460",NA,"6205","3285","20075","20180"
"Automated_yn",NA,"No data streams",NA,"Yes all data streams","No data streams","No data streams","No data streams","No data streams",NA,NA,NA,NA,"No data streams","No data streams","No data streams",NA,"No data streams","No data streams","No data streams","No data streams","No data streams","No data streams","No data streams","No data streams","No data streams","No data streams","No data streams",NA,"No data streams","No data streams","No data streams","No data streams","No data streams","No data streams",NA,"No data streams",NA,NA,"Yes all data streams","Yes all data streams","No data streams","No data streams",NA,NA,"No data streams","No data streams","Yes all data streams","Yes all data streams","No data streams","No data streams","No data streams","No data streams","No data streams",NA,"Yes all data streams","No data streams","No data streams","At least one data stream",NA,NA,"No data streams",NA,"No data streams","No data streams","No data streams","No data streams"
"Archiving_yn",NA,"0",NA,"0","0","0","0","0",NA,NA,NA,NA,"0","0","0",NA,"0","0","0","0","0","0","0","0","0","0","0",NA,"0",NA,"0","0","0","0",NA,"0",NA,NA,"1","0","0","0",NA,NA,"0","0","0","0","0","0","0","0","0","0","0","0","0","0","0",NA,"0",NA,"0","0","0","0"
"Repository",NA,NA,NA,NA,NA,NA,NA,NA,NA,NA,NA,NA,NA,NA,NA,NA,NA,NA,NA,NA,NA,NA,NA,NA,NA,NA,NA,NA,NA,NA,NA,NA,NA,NA,NA,NA,NA,NA,"website",NA,NA,NA,NA,NA,NA,NA,NA,NA,NA,NA,NA,NA,NA,NA,NA,NA,NA,NA,NA,NA,NA,NA,NA,NA,NA,NA
"Drivers_published",NA,"0",NA,"0","0","1","1","0",NA,NA,NA,NA,"1","0","0",NA,"0","1","0","1","1","1","0","0","0","0","0",NA,"0",NA,"1","0","0","0",NA,"0",NA,NA,"1","1","1","0",NA,NA,"1","1","0","0",NA,"0","0","0","0",NA,"1","1","1","1","0",NA,NA,NA,"0",NA,"0","0"
"End_user_yn",NA,"1",NA,"1","0","0","0","0",NA,NA,NA,NA,"1","0","0",NA,"0","0","0","0","0","1","0","0","1","1","0",NA,"1","1","0","0","0","0",NA,"0",NA,NA,"1","1","0","0",NA,NA,"1","1","0","0","0","1","0","1","0","0","0","0","0","1","0",NA,"0",NA,"0","0","1","0"
"End_user_partnership",NA,"0",NA,"0",NA,NA,NA,NA,NA,NA,NA,NA,"1",NA,NA,NA,NA,NA,NA,NA,NA,NA,NA,NA,"1","1",NA,NA,"1","0",NA,NA,NA,NA,NA,NA,NA,NA,"1","1",NA,"0",NA,NA,"0","0","0",NA,NA,"0",NA,NA,NA,NA,NA,NA,NA,"0",NA,NA,"0",NA,NA,NA,"0",NA
"Used_by_stakeholder_yn",NA,"0",NA,"0",NA,NA,NA,NA,NA,NA,NA,NA,NA,NA,NA,NA,NA,NA,NA,NA,NA,NA,NA,NA,"0","0",NA,NA,"1","0",NA,NA,NA,NA,NA,NA,NA,NA,"1","1",NA,"0",NA,NA,"0","0",NA,NA,NA,NA,NA,NA,NA,NA,NA,NA,NA,"0",NA,NA,"0",NA,NA,NA,"1",NA
"End_user_type",NA,"both",NA,"institution",NA,"institution","neither","institution",NA,NA,NA,NA,"institution","both",NA,NA,"institution",NA,"both",NA,"institution","general public",NA,"institution","institution","neither","institution",NA,"both","institution","neither",NA,NA,"institution",NA,NA,NA,NA,"institution","neither","neither",NA,NA,NA,"general public","neither","neither","neither","institution","general public",NA,"institution","both","neither","neither",NA,NA,"institution","institution",NA,"neither",NA,NA,"neither","institution","institution"
"Delivery_method_yn",NA,"0",NA,"0","0","0","0","0",NA,NA,NA,NA,"0","0","0",NA,"0","0","0","0","0","0","0","0","0","0","0",NA,"0",NA,"0","0","0","0",NA,"0",NA,NA,"1","1","0","0",NA,NA,"0","0","0","0","0","0","0","0","0","0","0","0","0","0","0",NA,"0",NA,"0","0","0","0"
"Delivery_method",NA,NA,NA,NA,NA,NA,NA,NA,NA,NA,NA,NA,NA,NA,NA,NA,NA,NA,NA,NA,NA,NA,NA,NA,NA,NA,NA,NA,NA,NA,NA,NA,NA,NA,NA,NA,NA,NA,"website","website",NA,NA,NA,NA,NA,NA,NA,NA,NA,NA,NA,NA,NA,NA,NA,NA,NA,NA,NA,NA,"0",NA,NA,NA,NA,NA
"Ethical_considerations",NA,"0",NA,"0","0","0","0","0",NA,NA,NA,NA,"0","0","0",NA,"0","0","0","0","0","0","0","0","0","0",NA,NA,"1","0","0","0","0","0",NA,"0",NA,NA,"0","0","0","0",NA,NA,"0","0","0","0","0","1","0","0","0","0","0","0","0","0","0",NA,"0",NA,"0","0","0","0"
"Met_covar_yn","0","1","1","1","1","1","1","1","0","0","0","0","0","0","0","0","0","0","1","1","0","0","1","0","0","0","0","0","0","0","0","0","1","1","0","1","0","0","0","0","0","0","0","0","1","1","1","1","1","0","0","0","0","0","1","1","1","1","1","0","0","0","0","0","0","1"
"Phys_covar_yn","0","1","1","0","1","1","0","0","0","1","0","0","1","1","1","0","1","1","1","0","0","0","1","0","0","0","0","0","0","0","1","1","1","0","0","1","0","0","1","1","1","1","0","0","0","0","1","1","1","0","1","0","0","0","0","0","0","0","0","0","1","0","1","1","1","0"
"Bio_covar_yn","0","1","0","0","1","0","0","0","0","0","0","0","1","1","1","0","0","0","1","0","0","0","0","1","0","1","0","0","1","0","0","1","1","1","0","1","0","0","1","0","1","1","0","0","1","0","1","0","0","0","1","0","0","0","0","0","0","0","0","0","0","0","1","0","0","0"
"Chem_covar_yn","0","0","0","0","1","1","0","0","0","1","0","0","0","0","0","0","0","1","0","0","0","0","0","0","0","0","1","0","0","0","0","0","0","0","0","0","0","0","0","0","0","0","0","0","0","0","1","1","0","0","1","0","0","0","0","0","0","0","0","0","0","0","1","1","0","0"
